ObjectID,GlobalID,WoodyModule,WoodySpecies,ParentGlobalID,CreationDate,Creator,EditDate,Editor,WoodySiteName,ShrubClump,D0to1,D1to2_5,D2_5to5,D5to10,D10to15,D15to20,D20to25,D25to30,D30to35,D35to40,Dgt40,Dgt40_1,Dgt40_2,Dgt40_3,Dgt40_4,Dgt40_5
323,71b720e0-05cd-4c05-927a-d5a31b66fa51,1,Cornus amomum,61785eab-d583-47a0-8bb5-3c98c4de7f0e,8/1/2023 14:51,cpoling@nps.gov_nps,8/1/2023 14:51,cpoling@nps.gov_nps,526,,1,,,,,,,,,,,,,,,
324,3ad4e9fe-1148-41d1-aeb8-343f5874513b,1,Platanus occidentalis,61785eab-d583-47a0-8bb5-3c98c4de7f0e,8/1/2023 15:19,cpoling@nps.gov_nps,8/1/2023 15:19,cpoling@nps.gov_nps,526,,,6,,,,,,,,,,,,,,
325,f04d74f0-ec0b-463d-89ca-3af97f9f5df6,1,Fraxinus pennsylvanica,61785eab-d583-47a0-8bb5-3c98c4de7f0e,8/1/2023 15:19,cpoling@nps.gov_nps,8/1/2023 15:19,cpoling@nps.gov_nps,526,,,12,,,,,,,,,,,,,,
326,a21ef186-9ac7-420f-82b1-f5e19c7d706b,1,Standing dead,61785eab-d583-47a0-8bb5-3c98c4de7f0e,8/1/2023 15:19,cpoling@nps.gov_nps,8/1/2023 15:19,cpoling@nps.gov_nps,526,,,,,1,,2,2,2,,,,,,,,
327,74bfbf74-37b1-4eae-80a3-76abd0105374,10,Platanus occidentalis,61785eab-d583-47a0-8bb5-3c98c4de7f0e,8/1/2023 15:19,cpoling@nps.gov_nps,8/1/2023 15:19,cpoling@nps.gov_nps,526,,1,1,,,,,,,2,,,,,,,
328,af061582-ac00-42d3-80a3-a7a68d7a5403,10,Alnus incana,61785eab-d583-47a0-8bb5-3c98c4de7f0e,8/1/2023 15:19,cpoling@nps.gov_nps,8/1/2023 15:19,cpoling@nps.gov_nps,526,,5,,,,,,,,,,,,,,,
329,d75b67ca-3554-461e-ad31-c2ec07843623,10,Ulmus americana,61785eab-d583-47a0-8bb5-3c98c4de7f0e,8/1/2023 15:19,cpoling@nps.gov_nps,8/1/2023 15:19,cpoling@nps.gov_nps,526,,,,,,,,,,1,,,,,,,
330,c529a13a-f5e3-4112-a167-f017ca5371b1,10,Fraxinus pennsylvanica,61785eab-d583-47a0-8bb5-3c98c4de7f0e,8/1/2023 15:19,cpoling@nps.gov_nps,8/1/2023 15:19,cpoling@nps.gov_nps,526,,1,,,,,,,,,,,,,,,
331,a94ed96d-5819-4d42-aa99-5d634d5791a0,10,Elaeagnus umbellata,61785eab-d583-47a0-8bb5-3c98c4de7f0e,8/1/2023 15:19,cpoling@nps.gov_nps,8/1/2023 15:19,cpoling@nps.gov_nps,526,,2,,,,,,,,,,,,,,,
332,bf291887-83a7-46d3-b13a-9a5a01bd18bc,9,Fraxinus pennsylvanica,61785eab-d583-47a0-8bb5-3c98c4de7f0e,8/1/2023 15:19,cpoling@nps.gov_nps,8/1/2023 15:19,cpoling@nps.gov_nps,526,,12,,,,,,,,,,,,,,,
333,c8debdb6-48bd-415d-80e3-bb42487b32ad,9,Platanus occidentalis,61785eab-d583-47a0-8bb5-3c98c4de7f0e,8/1/2023 15:19,cpoling@nps.gov_nps,8/1/2023 15:19,cpoling@nps.gov_nps,526,,3,2,,,,,,,,,,,,,,
334,788b3ff1-9584-4ded-b99b-c7fad45393d7,9,Alnus incana,61785eab-d583-47a0-8bb5-3c98c4de7f0e,8/1/2023 15:19,cpoling@nps.gov_nps,8/1/2023 15:19,cpoling@nps.gov_nps,526,4,1,,,,,,,,,,,,,,,
335,c09c83bb-d519-43e9-9e42-afa2aac05c89,9,Standing dead,61785eab-d583-47a0-8bb5-3c98c4de7f0e,8/1/2023 15:19,cpoling@nps.gov_nps,8/1/2023 15:19,cpoling@nps.gov_nps,526,,,,,,1,1,,,,,,40,60,,,
336,670c1202-e716-4109-a074-0f2251151b8c,8,Fraxinus pennsylvanica,61785eab-d583-47a0-8bb5-3c98c4de7f0e,8/1/2023 15:19,cpoling@nps.gov_nps,8/1/2023 15:19,cpoling@nps.gov_nps,526,,6,,,,,,,,,,,,,,,
337,e4603317-3d7c-4b3f-bff8-2a994019913f,8,Platanus occidentalis,61785eab-d583-47a0-8bb5-3c98c4de7f0e,8/1/2023 15:19,cpoling@nps.gov_nps,8/1/2023 15:19,cpoling@nps.gov_nps,526,,6,,,,,,,,,,,,,,,
338,1528d48e-0f17-4768-8e79-b853493f8f55,8,Alnus incana,61785eab-d583-47a0-8bb5-3c98c4de7f0e,8/1/2023 15:19,cpoling@nps.gov_nps,8/1/2023 15:19,cpoling@nps.gov_nps,526,1,,,,,,,,,,,,,,,,
339,4ee407f1-c9e4-47bf-be8e-323cb91bb311,8,Standing dead,61785eab-d583-47a0-8bb5-3c98c4de7f0e,8/1/2023 15:19,cpoling@nps.gov_nps,8/1/2023 15:19,cpoling@nps.gov_nps,526,,,,,,,,,,1,,,73,,,,
340,0510369b-be18-4daa-9f31-73a087432149,7,Standing dead,61785eab-d583-47a0-8bb5-3c98c4de7f0e,8/1/2023 15:19,cpoling@nps.gov_nps,8/1/2023 15:19,cpoling@nps.gov_nps,526,,,,,,,,,,1,,,,,,,
341,25a4734c-8eb3-422f-b838-aa1cc5e0d473,6,Platanus occidentalis,61785eab-d583-47a0-8bb5-3c98c4de7f0e,8/1/2023 15:19,cpoling@nps.gov_nps,8/1/2023 15:19,cpoling@nps.gov_nps,526,,2,,,,,,,,,,,,,,,
342,f08472e0-0f29-4795-9d5e-1df918315deb,6,Standing dead,61785eab-d583-47a0-8bb5-3c98c4de7f0e,8/1/2023 15:19,cpoling@nps.gov_nps,8/1/2023 15:19,cpoling@nps.gov_nps,526,,,,,1,1,,,,,,,45,,,,
343,de889080-920f-4758-8f4a-1855bbd21dd0,5,Platanus occidentalis,61785eab-d583-47a0-8bb5-3c98c4de7f0e,8/1/2023 15:19,cpoling@nps.gov_nps,8/1/2023 15:19,cpoling@nps.gov_nps,526,,,44,,,,,,,,,,,,,,
344,22dba3d3-b80d-4925-83d8-b7355994471b,5,Elaeagnus umbellata,61785eab-d583-47a0-8bb5-3c98c4de7f0e,8/1/2023 15:19,cpoling@nps.gov_nps,8/1/2023 15:19,cpoling@nps.gov_nps,526,2,,,,,,,,,,,,,,,,
345,8b527973-688f-4e6a-b340-eaabb44f0f27,5,Populus deltoides,61785eab-d583-47a0-8bb5-3c98c4de7f0e,8/1/2023 15:19,cpoling@nps.gov_nps,8/1/2023 15:19,cpoling@nps.gov_nps,526,,4,,,,,,,,,,,,,,,
346,c85629b0-32d1-4f30-92ee-79bf1bbe2b25,5,Alnus incana,61785eab-d583-47a0-8bb5-3c98c4de7f0e,8/1/2023 15:19,cpoling@nps.gov_nps,8/1/2023 15:19,cpoling@nps.gov_nps,526,3,2,,,,,,,,,,,,,,,
347,087543ec-ccc2-4128-856c-e10bb6943565,5,Standing dead,61785eab-d583-47a0-8bb5-3c98c4de7f0e,8/1/2023 15:19,cpoling@nps.gov_nps,8/1/2023 15:19,cpoling@nps.gov_nps,526,,,,,,,,,,,,,44,41,,,
348,929395c0-1340-4088-a389-96276b9a41f5,4,Platanus occidentalis,61785eab-d583-47a0-8bb5-3c98c4de7f0e,8/1/2023 15:19,cpoling@nps.gov_nps,8/1/2023 15:19,cpoling@nps.gov_nps,526,,22,,,,,,,,,,,,,,,
349,6e000175-93e0-447c-b9a4-57e7cc86407d,4,Alnus incana,61785eab-d583-47a0-8bb5-3c98c4de7f0e,8/1/2023 15:19,cpoling@nps.gov_nps,8/1/2023 15:19,cpoling@nps.gov_nps,526,2,,,,,,,,,,,,,,,,
350,84a9d0f5-3d20-43cc-8ba1-5448dadf65b8,4,Standing dead,61785eab-d583-47a0-8bb5-3c98c4de7f0e,8/1/2023 15:19,cpoling@nps.gov_nps,8/1/2023 15:19,cpoling@nps.gov_nps,526,,,,1,,1,,,,2,,,52,63,,,
351,e7c3f259-f33c-42a4-9b78-ad6afa13193c,3,Platanus occidentalis,61785eab-d583-47a0-8bb5-3c98c4de7f0e,8/1/2023 15:19,cpoling@nps.gov_nps,8/1/2023 15:19,cpoling@nps.gov_nps,526,,19,,,,,,,,,,,,,,,
352,bb12dadc-7c52-4027-a642-313a71f2462a,3,Fraxinus pennsylvanica,61785eab-d583-47a0-8bb5-3c98c4de7f0e,8/1/2023 15:19,cpoling@nps.gov_nps,8/1/2023 15:19,cpoling@nps.gov_nps,526,,,,,1,,,,,,,,,,,,
353,f91b4a7c-0d3a-496e-9f6c-2fdc0e7f6eb8,3,Populus deltoides,61785eab-d583-47a0-8bb5-3c98c4de7f0e,8/1/2023 15:19,cpoling@nps.gov_nps,8/1/2023 15:19,cpoling@nps.gov_nps,526,,2,,,,,,,,,,,,,,,
354,496bd3e7-2895-4247-a909-3cee2be46282,3,Standing dead,61785eab-d583-47a0-8bb5-3c98c4de7f0e,8/1/2023 15:19,cpoling@nps.gov_nps,8/1/2023 15:19,cpoling@nps.gov_nps,526,,,,,4,,,,,1,,,48,59,86,41,46
355,edaa8745-daf8-4815-a20d-bce7554a82b0,2,Platanus occidentalis,61785eab-d583-47a0-8bb5-3c98c4de7f0e,8/1/2023 15:19,cpoling@nps.gov_nps,8/1/2023 15:19,cpoling@nps.gov_nps,526,,1,3,,,,,,,,,,,,,,
356,457b0169-dd9b-4e57-bfe2-ca7012000c7d,2,Fraxinus pennsylvanica,61785eab-d583-47a0-8bb5-3c98c4de7f0e,8/1/2023 15:19,cpoling@nps.gov_nps,8/1/2023 15:19,cpoling@nps.gov_nps,526,,2,,,,,,,,,,,,,,,
357,4c1892b3-e18d-418f-be1d-e1d5b56d748a,2,Alnus incana,61785eab-d583-47a0-8bb5-3c98c4de7f0e,8/1/2023 15:19,cpoling@nps.gov_nps,8/1/2023 15:19,cpoling@nps.gov_nps,526,1,,,,,,,,,,,,,,,,
358,3f607e30-c8eb-4082-be8b-6cab13845161,2,Standing dead,61785eab-d583-47a0-8bb5-3c98c4de7f0e,8/1/2023 15:19,cpoling@nps.gov_nps,8/1/2023 15:19,cpoling@nps.gov_nps,526,,,,,,,,,3,,,,,,,,
359,ac271fd9-e47b-44db-b67d-867011061644,5,Salix sericea,61785eab-d583-47a0-8bb5-3c98c4de7f0e,8/1/2023 16:24,cpoling@nps.gov_nps,8/1/2023 16:24,cpoling@nps.gov_nps,526,,1,,,,,,,,,,,,,,,
360,1c1fa323-19f2-463f-b788-845d6c4c731c,1,Standing dead,364cd052-e610-489d-955c-9002bec8af83,8/3/2023 15:00,cpoling@nps.gov_nps,8/3/2023 15:00,cpoling@nps.gov_nps,526SB3,,,,2,1,1,,,,,,,75,67,,,
361,dfe96308-2f02-4998-94aa-ab44b189756b,1,Quercus macrocarpa,364cd052-e610-489d-955c-9002bec8af83,8/3/2023 15:00,cpoling@nps.gov_nps,8/3/2023 15:00,cpoling@nps.gov_nps,526SB3,,,,,,,,,,,,,110,,,,
362,3e6437a2-8270-437b-b674-1c09094b4ad5,1,Fraxinus pennsylvanica,364cd052-e610-489d-955c-9002bec8af83,8/3/2023 15:00,cpoling@nps.gov_nps,8/3/2023 15:00,cpoling@nps.gov_nps,526SB3,,,12,,,,,,,,,,,,,,
363,2dd4d890-e3f7-43d7-ade5-cdf037edccd3,1,Ulmus americana,364cd052-e610-489d-955c-9002bec8af83,8/3/2023 15:00,cpoling@nps.gov_nps,8/3/2023 15:00,cpoling@nps.gov_nps,526SB3,,,1,,2,,,,,3,2,,,,,,
364,49a93a2f-6099-4740-9ffa-ac6d08dd1e02,1,Fraxinus nigra,364cd052-e610-489d-955c-9002bec8af83,8/3/2023 15:00,cpoling@nps.gov_nps,8/3/2023 15:00,cpoling@nps.gov_nps,526SB3,,,28,1,,,,,,,,,,,,,
365,7e2cca1d-af67-4e15-93cb-c3c9e367b2f9,2,Ulmus americana,364cd052-e610-489d-955c-9002bec8af83,8/3/2023 15:00,cpoling@nps.gov_nps,8/3/2023 15:00,cpoling@nps.gov_nps,526SB3,,,,,1,1,3,3,,,2,,,,,,
366,5e9117d4-f993-45f0-b3a6-3ded988231f6,2,Fraxinus pennsylvanica,364cd052-e610-489d-955c-9002bec8af83,8/3/2023 15:00,cpoling@nps.gov_nps,8/3/2023 15:00,cpoling@nps.gov_nps,526SB3,,,11,2,,,,,,,,,,,,,
367,aa73eaec-8632-439b-93d6-806b910c3c01,2,Fraxinus nigra,364cd052-e610-489d-955c-9002bec8af83,8/3/2023 15:00,cpoling@nps.gov_nps,8/3/2023 15:00,cpoling@nps.gov_nps,526SB3,,,2,,,,,,,,,,,,,,
368,89d6ac52-51e7-4880-9d73-4a82189ec185,2,Platanus occidentalis,364cd052-e610-489d-955c-9002bec8af83,8/3/2023 15:00,cpoling@nps.gov_nps,8/3/2023 15:00,cpoling@nps.gov_nps,526SB3,,,,,,,,,,,,,350,,,,
369,ba5a5dcc-f6c9-4ad3-af97-7d74cc097fed,2,Standing dead,364cd052-e610-489d-955c-9002bec8af83,8/3/2023 15:00,cpoling@nps.gov_nps,8/3/2023 15:00,cpoling@nps.gov_nps,526SB3,,,,1,2,1,,1,,,1,,57,62,,,
370,4eadfeb5-e742-498b-b0c0-3fa9342bccb3,2,Quercus macrocarpa,364cd052-e610-489d-955c-9002bec8af83,8/3/2023 15:00,cpoling@nps.gov_nps,8/3/2023 15:00,cpoling@nps.gov_nps,526SB3,,,,,,,,,,,,,54,,,,
371,3f0e9d3c-2c5b-4bbf-b4d1-8865aa296386,3,Standing dead,364cd052-e610-489d-955c-9002bec8af83,8/3/2023 15:00,cpoling@nps.gov_nps,8/3/2023 15:00,cpoling@nps.gov_nps,526SB3,,,1,4,,,,,1,,,,99,53,,,
372,2fa2979c-33b3-48c5-b8e0-bd12678ee044,3,Ulmus americana,364cd052-e610-489d-955c-9002bec8af83,8/3/2023 15:00,cpoling@nps.gov_nps,8/3/2023 15:00,cpoling@nps.gov_nps,526SB3,,,,,2,2,1,1,2,1,1,,78,,,,
373,4abc0729-38e1-4d20-b5a9-d10703ff793e,3,Fraxinus nigra,364cd052-e610-489d-955c-9002bec8af83,8/3/2023 15:00,cpoling@nps.gov_nps,8/3/2023 15:00,cpoling@nps.gov_nps,526SB3,,7,,,,,,,,,,,,,,,
374,343a4f18-edf1-4d9b-abfe-bf9ce5b94dd4,3,Acer pensylvanicum,364cd052-e610-489d-955c-9002bec8af83,8/3/2023 15:00,cpoling@nps.gov_nps,8/3/2023 15:00,cpoling@nps.gov_nps,526SB3,,24,4,,,,,,,,,,,,,,
375,2b6cadc8-8e43-47f3-b9d7-630af1c95402,4,Quercus macrocarpa,364cd052-e610-489d-955c-9002bec8af83,8/3/2023 15:00,cpoling@nps.gov_nps,8/3/2023 15:00,cpoling@nps.gov_nps,526SB3,,,,,,,,,1,,,,75,,,,
376,f73f826d-41c9-44c5-8f2e-6b173ebae696,4,Ulmus americana,364cd052-e610-489d-955c-9002bec8af83,8/3/2023 15:00,cpoling@nps.gov_nps,8/3/2023 15:00,cpoling@nps.gov_nps,526SB3,,,,1,3,1,,,,,,,65,,,,
377,4304752d-b703-4a6d-a757-1ad20ab099d8,4,Salix amygdaloides,364cd052-e610-489d-955c-9002bec8af83,8/3/2023 15:00,cpoling@nps.gov_nps,8/3/2023 15:00,cpoling@nps.gov_nps,526SB3,,,,,,,,,,,,,335,,,,
378,0bd39ec7-0471-4ca0-b508-ac4f9e720f74,4,Fraxinus pennsylvanica,364cd052-e610-489d-955c-9002bec8af83,8/3/2023 15:00,cpoling@nps.gov_nps,8/3/2023 15:00,cpoling@nps.gov_nps,526SB3,,19,14,,1,,,,1,,,,,,,,
379,b46f042c-7471-4241-a768-d13ca9d77619,4,Lindera benzoin,364cd052-e610-489d-955c-9002bec8af83,8/3/2023 15:00,cpoling@nps.gov_nps,8/3/2023 15:00,cpoling@nps.gov_nps,526SB3,,1,,,,,,,,,,,,,,,
380,4448c5bf-0f92-452a-8dc2-fcf39692de00,4,Fraxinus nigra,364cd052-e610-489d-955c-9002bec8af83,8/3/2023 15:00,cpoling@nps.gov_nps,8/3/2023 15:00,cpoling@nps.gov_nps,526SB3,,27,,,,,,,,,,,,,,,
381,ce4acf41-b419-4e65-bf61-d0e1dc742816,4,Standing dead,364cd052-e610-489d-955c-9002bec8af83,8/3/2023 15:00,cpoling@nps.gov_nps,8/3/2023 15:00,cpoling@nps.gov_nps,526SB3,,,,3,,28,,,,,,,123,,,,
382,b77c47e2-87da-4070-a093-dca35d00dc92,5,Fraxinus nigra,364cd052-e610-489d-955c-9002bec8af83,8/3/2023 15:00,cpoling@nps.gov_nps,8/3/2023 15:00,cpoling@nps.gov_nps,526SB3,,17,,,,,,,,,,,,,,,
383,76354f12-b05f-447a-b77a-2f7346da62ea,5,Fraxinus pennsylvanica,364cd052-e610-489d-955c-9002bec8af83,8/3/2023 15:00,cpoling@nps.gov_nps,8/3/2023 15:00,cpoling@nps.gov_nps,526SB3,,6,,1,2,,1,,,,,,,,,,
384,6666eff0-be3f-49fc-b235-5ee1dc509c8b,5,Ulmus americana,364cd052-e610-489d-955c-9002bec8af83,8/3/2023 15:00,cpoling@nps.gov_nps,8/3/2023 15:00,cpoling@nps.gov_nps,526SB3,,,,,,,,,,,,,50,,,,
385,e7edb5a2-0a8e-4d17-a06e-ced8d0f9ef26,5,Elaeagnus umbellata,364cd052-e610-489d-955c-9002bec8af83,8/3/2023 15:00,cpoling@nps.gov_nps,8/3/2023 15:00,cpoling@nps.gov_nps,526SB3,,4,,,,,,,,,,,,,,,
386,7ebb5eb5-2788-4d63-89e2-f5677b1c6f1d,5,Salix amygdaloides,364cd052-e610-489d-955c-9002bec8af83,8/3/2023 15:00,cpoling@nps.gov_nps,8/3/2023 15:00,cpoling@nps.gov_nps,526SB3,,,,,,,,,,,,,107,,,,
387,77bc0acd-97a6-4baf-b2d8-6e829677507f,5,Standing dead,364cd052-e610-489d-955c-9002bec8af83,8/3/2023 15:00,cpoling@nps.gov_nps,8/3/2023 15:00,cpoling@nps.gov_nps,526SB3,,,1,,,,3,,,,,,92,57,,,
388,a6cf70e5-0948-4755-84cf-ca35003ab6bc,6,Cornus amomum,364cd052-e610-489d-955c-9002bec8af83,8/3/2023 15:00,cpoling@nps.gov_nps,8/3/2023 15:00,cpoling@nps.gov_nps,526SB3,,,,1,,,,,,,,,,,,,
389,0e9dba30-300b-4ba2-96fb-77df495d880c,6,Fraxinus pennsylvanica,364cd052-e610-489d-955c-9002bec8af83,8/3/2023 15:00,cpoling@nps.gov_nps,8/3/2023 15:00,cpoling@nps.gov_nps,526SB3,,5,,,,,,,,,,,,,,,
390,99e143e5-77f1-4def-a7c1-e9ebfa4ee890,6,Fraxinus nigra,364cd052-e610-489d-955c-9002bec8af83,8/3/2023 15:00,cpoling@nps.gov_nps,8/3/2023 15:00,cpoling@nps.gov_nps,526SB3,,1,,,,,,,,,,,,,,,
391,4c30285d-2aac-41d9-b6bc-58caf5c13bbf,6,Platanus occidentalis,364cd052-e610-489d-955c-9002bec8af83,8/3/2023 15:00,cpoling@nps.gov_nps,8/3/2023 15:00,cpoling@nps.gov_nps,526SB3,,2,,,,,,,,,,,,,,,
392,b8380577-6a91-4750-90c2-5acc2b78ed9e,6,Rosa multiflora,364cd052-e610-489d-955c-9002bec8af83,8/3/2023 15:00,cpoling@nps.gov_nps,8/3/2023 15:00,cpoling@nps.gov_nps,526SB3,,3,,,,,,,,,,,,,,,
393,5335471d-9e6d-45b5-bfc5-2243f0f2169d,6,Standing dead,364cd052-e610-489d-955c-9002bec8af83,8/3/2023 15:00,cpoling@nps.gov_nps,8/3/2023 15:00,cpoling@nps.gov_nps,526SB3,,,,,,,,,,,,,74,,,,
394,5523f211-9c85-4f19-9ed5-05fd593a9e7c,6,Quercus macrocarpa,364cd052-e610-489d-955c-9002bec8af83,8/3/2023 15:00,cpoling@nps.gov_nps,8/3/2023 15:00,cpoling@nps.gov_nps,526SB3,,,,,,,,,,,,,65,,,,
395,3cf7b39f-b7b1-4b03-b336-b2c03b024200,7,Standing dead,364cd052-e610-489d-955c-9002bec8af83,8/3/2023 15:00,cpoling@nps.gov_nps,8/3/2023 15:00,cpoling@nps.gov_nps,526SB3,,,1,1,,,,,,,,,,,,,
396,6b8bac55-71b9-49cf-a61c-0c2275f2828b,7,Ulmus americana,364cd052-e610-489d-955c-9002bec8af83,8/3/2023 15:00,cpoling@nps.gov_nps,8/3/2023 15:00,cpoling@nps.gov_nps,526SB3,,,,,,,,,,2,,,77,,,,
397,f802b463-349e-47ee-8623-4e7461ca196a,7,Fraxinus pennsylvanica,364cd052-e610-489d-955c-9002bec8af83,8/3/2023 15:00,cpoling@nps.gov_nps,8/3/2023 15:00,cpoling@nps.gov_nps,526SB3,,,,,,,,,,,,,61,,,,
398,c6febc32-3ab7-473a-b031-21fda3ec3852,8,Ulmus americana,364cd052-e610-489d-955c-9002bec8af83,8/3/2023 15:00,cpoling@nps.gov_nps,8/3/2023 15:00,cpoling@nps.gov_nps,526SB3,,,,,1,3,1,,,,6,,50,,,,
399,014c37b7-5919-4a35-9326-7e6a89b3d89b,8,Cephalanthus occidentalis,364cd052-e610-489d-955c-9002bec8af83,8/3/2023 15:00,cpoling@nps.gov_nps,8/3/2023 15:00,cpoling@nps.gov_nps,526SB3,,,1,,,,,,,,,,,,,,
400,70c7614e-c540-415a-b6ac-a00e4b944677,8,Fraxinus pennsylvanica,364cd052-e610-489d-955c-9002bec8af83,8/3/2023 15:00,cpoling@nps.gov_nps,8/3/2023 15:00,cpoling@nps.gov_nps,526SB3,,,2,1,,,,,,,,,,,,,
401,fa3512ef-6fcc-4e50-bbba-c0a923fd492f,8,Platanus occidentalis,364cd052-e610-489d-955c-9002bec8af83,8/3/2023 15:00,cpoling@nps.gov_nps,8/3/2023 15:00,cpoling@nps.gov_nps,526SB3,,,,,,,,,,,,,229,,,,
402,36baed92-6a05-4450-8673-2e8314a9634e,8,Standing dead,364cd052-e610-489d-955c-9002bec8af83,8/3/2023 15:00,cpoling@nps.gov_nps,8/3/2023 15:00,cpoling@nps.gov_nps,526SB3,,,,,,,,,,,,,66,56,,,
403,3ab43f1c-2746-4872-aa09-53bbcb8162c3,8,Fraxinus nigra,364cd052-e610-489d-955c-9002bec8af83,8/3/2023 15:00,cpoling@nps.gov_nps,8/3/2023 15:00,cpoling@nps.gov_nps,526SB3,,1,,,,,,,,,,,,,,,
404,51a3d8f0-e381-485a-9183-50621d610c7d,9,Ulmus americana,364cd052-e610-489d-955c-9002bec8af83,8/3/2023 15:00,cpoling@nps.gov_nps,8/3/2023 15:00,cpoling@nps.gov_nps,526SB3,,,,2,2,3,1,1,,2,,,51,,,,
405,7c5a7965-d1be-415c-9277-d4c95ae9e7b5,9,Fraxinus pennsylvanica,364cd052-e610-489d-955c-9002bec8af83,8/3/2023 15:00,cpoling@nps.gov_nps,8/3/2023 15:00,cpoling@nps.gov_nps,526SB3,,14,,,,,,,,,,,,,,,
406,d053db9e-7fa2-4fe0-92a2-00da039c3847,9,Fraxinus nigra,364cd052-e610-489d-955c-9002bec8af83,8/3/2023 15:00,cpoling@nps.gov_nps,8/3/2023 15:00,cpoling@nps.gov_nps,526SB3,,8,,,,,,,,,,,,,,,
407,589bb95c-7615-49ce-8113-8669b93d5322,9,Standing dead,364cd052-e610-489d-955c-9002bec8af83,8/3/2023 15:00,cpoling@nps.gov_nps,8/3/2023 15:00,cpoling@nps.gov_nps,526SB3,,,,,1,1,1,,,,,95,78,78,42,57,89
408,e26482b8-1dc3-42f9-bb4e-c54cc40cedf3,10,Cephalanthus occidentalis,364cd052-e610-489d-955c-9002bec8af83,8/3/2023 15:00,cpoling@nps.gov_nps,8/3/2023 15:00,cpoling@nps.gov_nps,526SB3,1,,,,,,,,,,,,,,,,
409,e030fcf9-ea65-4768-856b-17c2ad7bbb7a,10,Fraxinus pennsylvanica,364cd052-e610-489d-955c-9002bec8af83,8/3/2023 15:00,cpoling@nps.gov_nps,8/3/2023 15:00,cpoling@nps.gov_nps,526SB3,,6,,,,,,,,,,,,,,,
410,68364509-14e9-4a88-8f91-b1d506ca0193,10,Fraxinus nigra,364cd052-e610-489d-955c-9002bec8af83,8/3/2023 15:00,cpoling@nps.gov_nps,8/3/2023 15:00,cpoling@nps.gov_nps,526SB3,,3,,,,,,,,,,,,,,,
411,a45d86f4-11e0-4821-b3d1-0faad06228f8,10,Ulmus americana,364cd052-e610-489d-955c-9002bec8af83,8/3/2023 15:00,cpoling@nps.gov_nps,8/3/2023 15:00,cpoling@nps.gov_nps,526SB3,,,,,2,,2,3,7,2,2,40,55,57,47,,
412,85359700-16be-48e4-ac58-faaa9829eefa,10,Standing dead,364cd052-e610-489d-955c-9002bec8af83,8/3/2023 15:00,cpoling@nps.gov_nps,8/3/2023 15:00,cpoling@nps.gov_nps,526SB3,,,,,,,,,,1,1,,93,52,68,,
413,1d685dfe-1a0b-4c78-8771-50f886cf140f,1,Fraxinus pennsylvanica,a6822785-1163-467d-a886-ed629e05000c,8/16/2023 16:35,dmarcum@nps.gov_nps,8/16/2023 16:35,dmarcum@nps.gov_nps,526SB1,1,4,2,6,,,,,,,,,,,,,
414,4cbf521e-9fa1-425a-b884-e0093fa0052e,1,Standing dead,a6822785-1163-467d-a886-ed629e05000c,8/16/2023 16:35,dmarcum@nps.gov_nps,8/16/2023 16:35,dmarcum@nps.gov_nps,526SB1,,2,4,,,,,,,,,,,,,,
415,7bb2d0c6-6ab4-4834-8e7f-89b6b458c494,1,Salix amygdaloides,a6822785-1163-467d-a886-ed629e05000c,8/16/2023 16:35,dmarcum@nps.gov_nps,8/16/2023 16:35,dmarcum@nps.gov_nps,526SB1,,,,1,1,,,,,,,,,,,,
416,cb30e722-98e9-4a48-9bb9-d449ea94454a,1,Vitis riparia,a6822785-1163-467d-a886-ed629e05000c,8/16/2023 16:35,dmarcum@nps.gov_nps,8/16/2023 16:35,dmarcum@nps.gov_nps,526SB1,,1,,,,,,,,,,,,,,,
417,8c290ca3-a0ce-4bbf-9136-0cbdad539fda,1,Populus deltoides,a6822785-1163-467d-a886-ed629e05000c,8/16/2023 16:35,dmarcum@nps.gov_nps,8/16/2023 16:35,dmarcum@nps.gov_nps,526SB1,,2,10,15,8,1,,,,,,,,,,,
418,36809131-d971-48bc-b6f9-83a886e48b3e,1,Platanus occidentalis,a6822785-1163-467d-a886-ed629e05000c,8/16/2023 16:35,dmarcum@nps.gov_nps,8/16/2023 16:35,dmarcum@nps.gov_nps,526SB1,,5,1,6,2,,,,,,,,,,,,
419,aa4bcedf-1d02-4cae-bb7c-a41448e0ff49,1,Salix nigra,a6822785-1163-467d-a886-ed629e05000c,8/16/2023 16:35,dmarcum@nps.gov_nps,8/16/2023 16:35,dmarcum@nps.gov_nps,526SB1,,,1,1,,,,,,,,,,,,,
420,127203c3-a8ad-41d3-bd47-23df73052877,1,Salix nigra,a6822785-1163-467d-a886-ed629e05000c,8/16/2023 16:35,dmarcum@nps.gov_nps,8/16/2023 16:35,dmarcum@nps.gov_nps,526SB1,,,,,1,,,,,,,,,,,,
421,b227fc73-5168-4284-8512-6543b6cd5696,2,Platanus occidentalis,a6822785-1163-467d-a886-ed629e05000c,8/16/2023 16:35,dmarcum@nps.gov_nps,8/16/2023 16:35,dmarcum@nps.gov_nps,526SB1,,2,2,1,2,,,,,,,,,,,,
422,a567af60-c48a-442d-ab3a-589c76c29201,2,Standing dead,a6822785-1163-467d-a886-ed629e05000c,8/16/2023 16:35,dmarcum@nps.gov_nps,8/16/2023 16:35,dmarcum@nps.gov_nps,526SB1,,,2,,,,,,,,,,,,,,
423,7c4f1c62-9df2-4853-804a-80c7b383798c,2,Salix amygdaloides,a6822785-1163-467d-a886-ed629e05000c,8/16/2023 16:35,dmarcum@nps.gov_nps,8/16/2023 16:35,dmarcum@nps.gov_nps,526SB1,,,,1,3,,,,,,,,,,,,
424,b98ef575-e82e-4897-9db0-7a06914fdb35,2,Salix nigra,a6822785-1163-467d-a886-ed629e05000c,8/16/2023 16:35,dmarcum@nps.gov_nps,8/16/2023 16:35,dmarcum@nps.gov_nps,526SB1,1,,,,1,,,,,,,,,,,,
425,96f69fce-c6e6-4f01-8707-88a5863a87e3,2,Populus deltoides,a6822785-1163-467d-a886-ed629e05000c,8/16/2023 16:35,dmarcum@nps.gov_nps,8/16/2023 16:35,dmarcum@nps.gov_nps,526SB1,,,5,12,4,1,,,,,,,,,,,
426,91a55144-c649-4119-a6f3-87685c1362f2,2,Fraxinus pennsylvanica,a6822785-1163-467d-a886-ed629e05000c,8/16/2023 16:35,dmarcum@nps.gov_nps,8/16/2023 16:35,dmarcum@nps.gov_nps,526SB1,,1,1,1,,,,,,,,,,,,,
427,5992638f-25b6-4327-acae-b7bb19cc0c29,2,Salix discolor,a6822785-1163-467d-a886-ed629e05000c,8/16/2023 16:35,dmarcum@nps.gov_nps,8/16/2023 16:35,dmarcum@nps.gov_nps,526SB1,,,,1,,,,,,,,,,,,,
428,7aaa8454-7de8-468c-99e0-1abf4cf6595e,2,Acer saccharinum,a6822785-1163-467d-a886-ed629e05000c,8/16/2023 16:35,dmarcum@nps.gov_nps,8/16/2023 16:35,dmarcum@nps.gov_nps,526SB1,,1,,,,,,,,,,,,,,,
429,86273ca9-1739-450e-a9c2-18b3eda09d45,3,Platanus occidentalis,a6822785-1163-467d-a886-ed629e05000c,8/16/2023 16:35,dmarcum@nps.gov_nps,8/16/2023 16:35,dmarcum@nps.gov_nps,526SB1,,1,4,12,8,,,,,,,,,,,,
430,635eb1ab-3b3b-4da3-babf-08d1d2628bd6,3,Populus deltoides,a6822785-1163-467d-a886-ed629e05000c,8/16/2023 16:35,dmarcum@nps.gov_nps,8/16/2023 16:35,dmarcum@nps.gov_nps,526SB1,,2,3,6,7,,,,,,,,,,,,
431,122c97ea-9e15-4a15-a3ea-de1d5e1232af,3,Salix nigra,a6822785-1163-467d-a886-ed629e05000c,8/16/2023 16:35,dmarcum@nps.gov_nps,8/16/2023 16:35,dmarcum@nps.gov_nps,526SB1,,2,1,,,,,,,,,,,,,,
432,a42d2f79-505d-4c2a-872a-785071a5d7ab,3,Salix amygdaloides,a6822785-1163-467d-a886-ed629e05000c,8/16/2023 16:35,dmarcum@nps.gov_nps,8/16/2023 16:35,dmarcum@nps.gov_nps,526SB1,,,,1,3,2,,,,,,,,,,,
433,e192c5ff-0ac7-47cb-8fd4-4ac067dfce14,3,Standing dead,a6822785-1163-467d-a886-ed629e05000c,8/16/2023 16:35,dmarcum@nps.gov_nps,8/16/2023 16:35,dmarcum@nps.gov_nps,526SB1,,,,1,,,,,,,,,,,,,
434,c2e62b2c-273d-4fe2-9608-b0a5716bdd50,3,Vitis riparia,a6822785-1163-467d-a886-ed629e05000c,8/16/2023 16:35,dmarcum@nps.gov_nps,8/16/2023 16:35,dmarcum@nps.gov_nps,526SB1,,1,,,,,,,,,,,,,,,
435,796a5c03-8914-4271-a14a-9dedc6a98ecf,3,Rhamnus frangula,a6822785-1163-467d-a886-ed629e05000c,8/16/2023 16:35,dmarcum@nps.gov_nps,8/16/2023 16:35,dmarcum@nps.gov_nps,526SB1,,1,,,,,,,,,,,,,,,
436,7603bc88-8aa2-48a7-b5bb-9802f1eb9468,3,Fraxinus pennsylvanica,a6822785-1163-467d-a886-ed629e05000c,8/16/2023 16:35,dmarcum@nps.gov_nps,8/16/2023 16:35,dmarcum@nps.gov_nps,526SB1,,5,1,,,,,,,,,,,,,,
437,b6201538-8a5e-43a9-8e1d-3d47ea82f173,4,Fraxinus pennsylvanica,a6822785-1163-467d-a886-ed629e05000c,8/16/2023 16:35,dmarcum@nps.gov_nps,8/16/2023 16:35,dmarcum@nps.gov_nps,526SB1,,26,7,,,,,,,,,,,,,,
438,15b1b29a-0823-47ea-98f1-60d5bbbe608c,4,Platanus occidentalis,a6822785-1163-467d-a886-ed629e05000c,8/16/2023 16:35,dmarcum@nps.gov_nps,8/16/2023 16:35,dmarcum@nps.gov_nps,526SB1,,1,1,2,,,,,,,,,,,,,
439,0a2cd99c-2482-48e9-a0f3-7bad233d87f1,4,Elaeagnus umbellata,a6822785-1163-467d-a886-ed629e05000c,8/16/2023 16:35,dmarcum@nps.gov_nps,8/16/2023 16:35,dmarcum@nps.gov_nps,526SB1,3,,,2,1,,,,,,,,,,,,
440,cb50c261-199f-4da6-9b49-a493b6ab1bc2,4,Toxicodendron radicans,a6822785-1163-467d-a886-ed629e05000c,8/16/2023 16:35,dmarcum@nps.gov_nps,8/16/2023 16:35,dmarcum@nps.gov_nps,526SB1,,2,,,,,,,,,,,,,,,
441,0f6fc042-4229-40fb-8895-8da52e8334c1,4,Acer saccharinum,a6822785-1163-467d-a886-ed629e05000c,8/16/2023 16:35,dmarcum@nps.gov_nps,8/16/2023 16:35,dmarcum@nps.gov_nps,526SB1,,,,,,,,2,,1,1,2,52.5,42,,,
442,bbb2d786-aa3d-4789-aa76-a21b2047e897,4,Rosa multiflora,a6822785-1163-467d-a886-ed629e05000c,8/16/2023 16:35,dmarcum@nps.gov_nps,8/16/2023 16:35,dmarcum@nps.gov_nps,526SB1,,1,,,,,,,,,,,,,,,
443,1028f774-6f42-4a31-9b33-c6c0d7d44aaf,4,Populus deltoides,a6822785-1163-467d-a886-ed629e05000c,8/16/2023 16:35,dmarcum@nps.gov_nps,8/16/2023 16:35,dmarcum@nps.gov_nps,526SB1,,,4,,,1,,,,,,,,,,,
444,ab009041-6538-499c-ad78-279953adad19,1,Salix discolor,df0d9526-4811-4158-98c3-b861b355dc2d,8/22/2023 15:06,dmarcum@nps.gov_nps,8/22/2023 15:06,dmarcum@nps.gov_nps,1627KR2,1,,,,,,,,,,,,,,,,
445,f0f8adee-e189-4eb0-8809-fa6d001b0844,1,Cephalanthus occidentalis,7caae780-7b42-49d8-b37f-ee101df80c5f,8/22/2023 17:51,dmarcum@nps.gov_nps,8/22/2023 17:51,dmarcum@nps.gov_nps,1622KR1,2,,,,,,,,,,,,,,,,
446,6790c507-fed2-4cf3-b40b-19c597952254,1,Rosa multiflora,9df70640-1aca-4c6c-97aa-1bff51e6a005,8/22/2023 19:40,dmarcum@nps.gov_nps,8/22/2023 19:40,dmarcum@nps.gov_nps,554,11,1,,,,,,,,,,,,,,,
447,1316a949-5a37-4d83-88dc-dabd40118859,1,Ligustrum vulgare,9df70640-1aca-4c6c-97aa-1bff51e6a005,8/22/2023 19:40,dmarcum@nps.gov_nps,8/22/2023 19:40,dmarcum@nps.gov_nps,554,1,1,,,,,,,,,,,,,,,
448,8f79cd96-c489-487d-a810-4be01a85de5d,1,Fraxinus pennsylvanica,9df70640-1aca-4c6c-97aa-1bff51e6a005,8/22/2023 19:40,dmarcum@nps.gov_nps,8/22/2023 19:40,dmarcum@nps.gov_nps,554,,2,,,,1,,,,,,,,,,,
449,75d501fa-4044-4ed0-82be-ad3cd9023f71,1,Carpinus caroliniana,9df70640-1aca-4c6c-97aa-1bff51e6a005,8/22/2023 19:40,dmarcum@nps.gov_nps,8/22/2023 19:40,dmarcum@nps.gov_nps,554,,,,1,,,,,,,,,,,,,
450,5ba6d456-e38d-448e-8219-e1bf771f8bc4,2,Rosa multiflora,9df70640-1aca-4c6c-97aa-1bff51e6a005,8/22/2023 19:40,dmarcum@nps.gov_nps,8/22/2023 19:40,dmarcum@nps.gov_nps,554,4,2,,,,,,,,,,,,,,,
451,e3e427cd-e87f-4504-8d4c-4befafbaf52b,2,Carpinus caroliniana,9df70640-1aca-4c6c-97aa-1bff51e6a005,8/22/2023 19:40,dmarcum@nps.gov_nps,8/22/2023 19:40,dmarcum@nps.gov_nps,554,,,,1,1,,,,,,,,,,,,
452,d33a7f04-c5fe-4698-9c42-b169034c7c4c,2,Fraxinus pennsylvanica,9df70640-1aca-4c6c-97aa-1bff51e6a005,8/22/2023 19:40,dmarcum@nps.gov_nps,8/22/2023 19:40,dmarcum@nps.gov_nps,554,,4,,,1,1,,,,,,,,,,,
453,8446e85e-4bfc-4968-9745-5a9d3fd954f1,2,Ligustrum vulgare,9df70640-1aca-4c6c-97aa-1bff51e6a005,8/22/2023 19:40,dmarcum@nps.gov_nps,8/22/2023 19:40,dmarcum@nps.gov_nps,554,,1,,,,,,,,,,,,,,,
454,8dfa813c-2435-407b-8ed7-c67b429b359e,2,Fraxinus nigra,9df70640-1aca-4c6c-97aa-1bff51e6a005,8/22/2023 19:40,dmarcum@nps.gov_nps,8/22/2023 19:40,dmarcum@nps.gov_nps,554,,12,,,,,,,,,,,,,,,
455,219f0dfa-5c56-42d5-b439-4b73a2ac6c4e,2,Ulmus americana,9df70640-1aca-4c6c-97aa-1bff51e6a005,8/22/2023 19:40,dmarcum@nps.gov_nps,8/22/2023 19:40,dmarcum@nps.gov_nps,554,,1,,,2,1,,,,,,,,,,,
456,07d42e3f-92e6-491f-8ad2-472b1e476f7d,2,Lonicera morrowii,9df70640-1aca-4c6c-97aa-1bff51e6a005,8/22/2023 19:40,dmarcum@nps.gov_nps,8/22/2023 19:40,dmarcum@nps.gov_nps,554,1,,,,,,,,,,,,,,,,
457,6b706cfc-13ff-49a9-8e8d-fe7a8f8f9f70,2,Platanus occidentalis,9df70640-1aca-4c6c-97aa-1bff51e6a005,8/22/2023 19:40,dmarcum@nps.gov_nps,8/22/2023 19:40,dmarcum@nps.gov_nps,554,,,,,,,,,,,1,,,,,,
458,57ab1d27-ebca-4b10-be39-50ad9f9bd662,3,Ligustrum vulgare,9df70640-1aca-4c6c-97aa-1bff51e6a005,8/22/2023 19:40,dmarcum@nps.gov_nps,8/22/2023 19:40,dmarcum@nps.gov_nps,554,,2,,,,,,,,,,,,,,,
459,436d8d34-645d-46e3-b897-99d1d3eb43f3,3,Fraxinus nigra,9df70640-1aca-4c6c-97aa-1bff51e6a005,8/22/2023 19:40,dmarcum@nps.gov_nps,8/22/2023 19:40,dmarcum@nps.gov_nps,554,,6,,,,,,,,,,,,,,,
460,d4366f61-6932-42e6-8939-d8af66579fb1,3,Ulmus americana,9df70640-1aca-4c6c-97aa-1bff51e6a005,8/22/2023 19:40,dmarcum@nps.gov_nps,8/22/2023 19:40,dmarcum@nps.gov_nps,554,,,,,4,1,,,,,,,,,,,
461,a4bbf9b2-85bd-453e-921d-6336c4ad10fe,3,Lindera benzoin,9df70640-1aca-4c6c-97aa-1bff51e6a005,8/22/2023 19:40,dmarcum@nps.gov_nps,8/22/2023 19:40,dmarcum@nps.gov_nps,554,3,,,,,,,,,,,,,,,,
462,9fcdebca-762e-4e87-b90a-646e5a431622,3,Standing dead,9df70640-1aca-4c6c-97aa-1bff51e6a005,8/22/2023 19:40,dmarcum@nps.gov_nps,8/22/2023 19:40,dmarcum@nps.gov_nps,554,,,,,,1,,,,1,,,,,,,
463,3d69c6d0-3d10-44ef-934c-68898feacb08,3,Rosa multiflora,9df70640-1aca-4c6c-97aa-1bff51e6a005,8/22/2023 19:40,dmarcum@nps.gov_nps,8/22/2023 19:40,dmarcum@nps.gov_nps,554,2,1,,,,,,,,,,,,,,,
464,0c65008a-9ece-4160-8c2e-cc7f7eb7a771,3,Fraxinus pennsylvanica,9df70640-1aca-4c6c-97aa-1bff51e6a005,8/22/2023 19:40,dmarcum@nps.gov_nps,8/22/2023 19:40,dmarcum@nps.gov_nps,554,,19,,,,,,,,,,,,,,,
465,eda808b9-a725-4359-8ac0-3543f492c394,3,Lonicera maackii,9df70640-1aca-4c6c-97aa-1bff51e6a005,8/22/2023 19:40,dmarcum@nps.gov_nps,8/22/2023 19:40,dmarcum@nps.gov_nps,554,1,,,,,,,,,,,,,,,,
466,c48a422c-5e27-4a4c-ad93-226fa1603d89,3,Liriodendron tulipifera,9df70640-1aca-4c6c-97aa-1bff51e6a005,8/22/2023 19:40,dmarcum@nps.gov_nps,8/22/2023 19:40,dmarcum@nps.gov_nps,554,,,,,1,,,,,,,,,,,,
467,712a0bc8-e6c5-4e78-976b-19075e777239,3,Carpinus caroliniana,9df70640-1aca-4c6c-97aa-1bff51e6a005,8/22/2023 19:40,dmarcum@nps.gov_nps,8/22/2023 19:40,dmarcum@nps.gov_nps,554,3,2,,,,,,,,,,,,,,,
468,4fc24b29-1213-4292-953f-dfe2a43cf911,3,Lonicera morrowii,9df70640-1aca-4c6c-97aa-1bff51e6a005,8/22/2023 19:40,dmarcum@nps.gov_nps,8/22/2023 19:40,dmarcum@nps.gov_nps,554,1,,,,,,,,,,,,,,,,
469,e5e7a7c4-b6dd-4dd6-bced-0ad9d12907e2,3,Rubus occidentalis,9df70640-1aca-4c6c-97aa-1bff51e6a005,8/22/2023 19:40,dmarcum@nps.gov_nps,8/22/2023 19:40,dmarcum@nps.gov_nps,554,,2,,,,,,,,,,,,,,,
470,078656e8-0fc3-4783-8041-6f701a267988,4,Lindera benzoin,9df70640-1aca-4c6c-97aa-1bff51e6a005,8/22/2023 19:40,dmarcum@nps.gov_nps,8/22/2023 19:40,dmarcum@nps.gov_nps,554,5,2,1,,,,,,,,,,,,,,
471,71f21a1f-9ed8-41f4-9434-e4720de4f358,4,Fraxinus pennsylvanica,9df70640-1aca-4c6c-97aa-1bff51e6a005,8/22/2023 19:40,dmarcum@nps.gov_nps,8/22/2023 19:40,dmarcum@nps.gov_nps,554,,7,,,1,,,,,,,,,,,,
472,64d1ab8a-0a58-49a9-9f1d-f1d241c7c547,4,Fraxinus nigra,9df70640-1aca-4c6c-97aa-1bff51e6a005,8/22/2023 19:40,dmarcum@nps.gov_nps,8/22/2023 19:40,dmarcum@nps.gov_nps,554,,1,,,,,,,,,,,,,,,
473,99374243-8340-477c-959c-48ec1c867154,4,Ulmus americana,9df70640-1aca-4c6c-97aa-1bff51e6a005,8/22/2023 19:40,dmarcum@nps.gov_nps,8/22/2023 19:40,dmarcum@nps.gov_nps,554,,,,,,,,1,,,,,,,,,
474,f9de3959-a1a8-4bb1-8be6-cfb5e1f9afa2,4,Rosa multiflora,9df70640-1aca-4c6c-97aa-1bff51e6a005,8/22/2023 19:40,dmarcum@nps.gov_nps,8/22/2023 19:40,dmarcum@nps.gov_nps,554,1,,,,,,,,,,,,,,,,
475,73aaee7a-04a3-4bc8-af8e-4726e2c62a05,4,Carpinus caroliniana,9df70640-1aca-4c6c-97aa-1bff51e6a005,8/22/2023 19:40,dmarcum@nps.gov_nps,8/22/2023 19:40,dmarcum@nps.gov_nps,554,,,1,,,,,,,,,,,,,,
476,56e19699-1854-4572-9d15-462130ae5318,4,Aesculus glabra,9df70640-1aca-4c6c-97aa-1bff51e6a005,8/22/2023 19:40,dmarcum@nps.gov_nps,8/22/2023 19:40,dmarcum@nps.gov_nps,554,,1,,,,,1,,,,,,,,,,
477,28bc2eff-1819-4d59-9aa5-75782ec60e4b,4,Hamamelis virginiana,9df70640-1aca-4c6c-97aa-1bff51e6a005,8/22/2023 19:40,dmarcum@nps.gov_nps,8/22/2023 19:40,dmarcum@nps.gov_nps,554,1,,,2,,,,,,,,,,,,,
478,b07f98f6-5d3f-46d3-9d69-cdd98f5fd357,1,Salix exigua,2b792f66-c2ad-4b1f-914a-42994207b3d3,8/25/2023 14:28,dmarcum@nps.gov_nps,8/25/2023 14:28,dmarcum@nps.gov_nps,365BM2,25,29,35,,,,,,,,,,,,,,
479,f34dee8d-fc03-44f4-8a50-155f413d91a1,1,Cornus obliqua,2b792f66-c2ad-4b1f-914a-42994207b3d3,8/25/2023 14:28,dmarcum@nps.gov_nps,8/25/2023 14:28,dmarcum@nps.gov_nps,365BM2,4,16,6,,,,,,,,,,,,,,
480,bd62c6cf-8bd8-41ed-8ae1-e99069d05820,1,Viburnum dentatum,2b792f66-c2ad-4b1f-914a-42994207b3d3,8/25/2023 14:28,dmarcum@nps.gov_nps,8/25/2023 14:28,dmarcum@nps.gov_nps,365BM2,12,13,,,,,,,,,,,,,,,
481,09ae4dc7-3c9d-4d52-9fbb-aaa0ce3eb67f,1,Standing dead,2b792f66-c2ad-4b1f-914a-42994207b3d3,8/25/2023 14:28,dmarcum@nps.gov_nps,8/25/2023 14:28,dmarcum@nps.gov_nps,365BM2,7,17,10,,,,,,,,,,,,,,
482,619a2141-b0f1-4433-841a-db91386cb4c1,1,Salix discolor,2b792f66-c2ad-4b1f-914a-42994207b3d3,8/25/2023 14:28,dmarcum@nps.gov_nps,8/25/2023 14:28,dmarcum@nps.gov_nps,365BM2,4,,2,,,,,,,,,,,,,,
483,a2a578fd-339b-48ba-825a-a9f2ceb0a39b,1,Viburnum opulus var. opulus,2b792f66-c2ad-4b1f-914a-42994207b3d3,8/25/2023 14:28,dmarcum@nps.gov_nps,8/25/2023 14:28,dmarcum@nps.gov_nps,365BM2,5,3,,,,,,,,,,,,,,,
484,a0ebd381-5b04-4d90-97ba-7b8199ca7059,1,Lonicera tatarica,2b792f66-c2ad-4b1f-914a-42994207b3d3,8/25/2023 14:28,dmarcum@nps.gov_nps,8/25/2023 14:28,dmarcum@nps.gov_nps,365BM2,4,,,,,,,,,,,,,,,,
485,bb39827a-7d2f-4b00-a8a9-ab78e53e695b,1,Rhamnus frangula,2b792f66-c2ad-4b1f-914a-42994207b3d3,8/25/2023 14:28,dmarcum@nps.gov_nps,8/25/2023 14:28,dmarcum@nps.gov_nps,365BM2,,2,2,,,,,,,,,,,,,,
486,24c216fb-9a03-4db4-961b-42b2c72d2288,1,Ligustrum vulgare,2b792f66-c2ad-4b1f-914a-42994207b3d3,8/25/2023 14:28,dmarcum@nps.gov_nps,8/25/2023 14:28,dmarcum@nps.gov_nps,365BM2,3,5,2,,,,,,,,,,,,,,
487,81f06b38-2833-4ed9-abc7-4556cba42de0,1,Lindera benzoin,2b792f66-c2ad-4b1f-914a-42994207b3d3,8/25/2023 14:28,dmarcum@nps.gov_nps,8/25/2023 14:28,dmarcum@nps.gov_nps,365BM2,1,2,,,,,,,,,,,,,,,
488,5f6bf8cf-7a95-4ff4-a192-c4faf54d9e21,1,Rosa multiflora,2b792f66-c2ad-4b1f-914a-42994207b3d3,8/25/2023 14:28,dmarcum@nps.gov_nps,8/25/2023 14:28,dmarcum@nps.gov_nps,365BM2,3,2,1,,,,,,,,,,,,,,
489,adb41261-63bb-4663-acb8-61b38c68072d,1,Malus toringo,2b792f66-c2ad-4b1f-914a-42994207b3d3,8/25/2023 14:28,dmarcum@nps.gov_nps,8/25/2023 14:28,dmarcum@nps.gov_nps,365BM2,1,,1,,,,,,,,,,,,,,
490,fe4d560e-2a63-4d26-899c-5730787f1067,1,Vitis riparia,2b792f66-c2ad-4b1f-914a-42994207b3d3,8/25/2023 14:28,dmarcum@nps.gov_nps,8/25/2023 14:28,dmarcum@nps.gov_nps,365BM2,,1,,,,,,,,,,,,,,,
491,85213ddb-5487-47d3-bf14-0963e2936a4a,2,Salix exigua,2b792f66-c2ad-4b1f-914a-42994207b3d3,8/25/2023 14:28,dmarcum@nps.gov_nps,8/25/2023 14:28,dmarcum@nps.gov_nps,365BM2,39,18,22,,,,,,,,,,,,,,
492,3173209e-ce33-4457-8ce9-0ab558f67f2f,2,Salix discolor,2b792f66-c2ad-4b1f-914a-42994207b3d3,8/25/2023 14:28,dmarcum@nps.gov_nps,8/25/2023 14:28,dmarcum@nps.gov_nps,365BM2,2,,2,,,,,,,,,,,,,,
493,465a0047-6d71-48b1-a362-015041b60851,2,Standing dead,2b792f66-c2ad-4b1f-914a-42994207b3d3,8/25/2023 14:28,dmarcum@nps.gov_nps,8/25/2023 14:28,dmarcum@nps.gov_nps,365BM2,4,5,7,,,,,,,,,,,,,,
494,b353be33-4e2e-4550-8a82-e24c39db5cc9,2,Cornus obliqua,2b792f66-c2ad-4b1f-914a-42994207b3d3,8/25/2023 14:28,dmarcum@nps.gov_nps,8/25/2023 14:28,dmarcum@nps.gov_nps,365BM2,9,11,1,,,,,,,,,,,,,,
495,b0054c1d-3eb8-44b6-8827-a42917e9bc83,2,Viburnum dentatum,2b792f66-c2ad-4b1f-914a-42994207b3d3,8/25/2023 14:28,dmarcum@nps.gov_nps,8/25/2023 14:28,dmarcum@nps.gov_nps,365BM2,6,4,,,,,,,,,,,,,,,
496,9e1c6aa9-6c75-4ab0-b325-fc1b826c72a3,2,Rosa multiflora,2b792f66-c2ad-4b1f-914a-42994207b3d3,8/25/2023 14:28,dmarcum@nps.gov_nps,8/25/2023 14:28,dmarcum@nps.gov_nps,365BM2,1,,,,,,,,,,,,,,,,
497,1ba6a445-4cf1-4be3-aa3e-87064a79b314,2,Fraxinus pennsylvanica,2b792f66-c2ad-4b1f-914a-42994207b3d3,8/25/2023 14:28,dmarcum@nps.gov_nps,8/25/2023 14:28,dmarcum@nps.gov_nps,365BM2,,,1,,,,,,,,,,,,,,
498,690dd1f1-a6be-4971-a4bb-38d085682ebc,2,Salix caroliniana,2b792f66-c2ad-4b1f-914a-42994207b3d3,8/25/2023 14:28,dmarcum@nps.gov_nps,8/25/2023 14:28,dmarcum@nps.gov_nps,365BM2,1,,,,,,,,,,,,,,,,
499,58380790-4796-44dd-bee7-e82012bcca19,2,Rhamnus frangula,2b792f66-c2ad-4b1f-914a-42994207b3d3,8/25/2023 14:28,dmarcum@nps.gov_nps,8/25/2023 14:28,dmarcum@nps.gov_nps,365BM2,,1,,,,,,,,,,,,,,,
500,a3e2850a-d308-4db5-8f2e-3e402b0fb446,2,Ribes americanum,2b792f66-c2ad-4b1f-914a-42994207b3d3,8/25/2023 14:28,dmarcum@nps.gov_nps,8/25/2023 14:28,dmarcum@nps.gov_nps,365BM2,1,3,,,,,,,,,,,,,,,
501,b533b304-eb9a-43f2-8ab1-f369df088449,3,Salix exigua,2b792f66-c2ad-4b1f-914a-42994207b3d3,8/25/2023 14:28,dmarcum@nps.gov_nps,8/25/2023 14:28,dmarcum@nps.gov_nps,365BM2,20,35,16,,,,,,,,,,,,,,
502,d4bdf409-d120-45f3-8ff1-10c0af1ead1d,3,Cornus obliqua,2b792f66-c2ad-4b1f-914a-42994207b3d3,8/25/2023 14:28,dmarcum@nps.gov_nps,8/25/2023 14:28,dmarcum@nps.gov_nps,365BM2,10,20,,,,,,,,,,,,,,,
503,ae9e84e0-1888-4047-ba65-42be78a6cf02,3,Salix discolor,2b792f66-c2ad-4b1f-914a-42994207b3d3,8/25/2023 14:28,dmarcum@nps.gov_nps,8/25/2023 14:28,dmarcum@nps.gov_nps,365BM2,,,4,,,,,,,,,,,,,,
504,33eb39f0-7e7e-4b99-86c6-6d905f378d3d,3,Rosa multiflora,2b792f66-c2ad-4b1f-914a-42994207b3d3,8/25/2023 14:28,dmarcum@nps.gov_nps,8/25/2023 14:28,dmarcum@nps.gov_nps,365BM2,1,2,1,,,,,,,,,,,,,,
505,444cbf65-28ae-4762-9a6c-a39ff6e1328b,3,Standing dead,2b792f66-c2ad-4b1f-914a-42994207b3d3,8/25/2023 14:28,dmarcum@nps.gov_nps,8/25/2023 14:28,dmarcum@nps.gov_nps,365BM2,11,9,8,,,,,,,,,,,,,,
506,d29b2e7f-9dda-419b-85ad-03d64cb6023b,3,Ligustrum vulgare,2b792f66-c2ad-4b1f-914a-42994207b3d3,8/25/2023 14:28,dmarcum@nps.gov_nps,8/25/2023 14:28,dmarcum@nps.gov_nps,365BM2,4,1,2,,,,,,,,,,,,,,
507,65fd6b3b-72a3-4643-87c5-67eca6966050,3,Viburnum dentatum,2b792f66-c2ad-4b1f-914a-42994207b3d3,8/25/2023 14:28,dmarcum@nps.gov_nps,8/25/2023 14:28,dmarcum@nps.gov_nps,365BM2,2,3,,,,,,,,,,,,,,,
508,f41c70bd-43f2-433f-acab-91fa72ef522d,3,Lonicera maackii,2b792f66-c2ad-4b1f-914a-42994207b3d3,8/25/2023 14:28,dmarcum@nps.gov_nps,8/25/2023 14:28,dmarcum@nps.gov_nps,365BM2,1,,,,,,,,,,,,,,,,
509,c2f0039d-5c69-4cef-9269-9be442e22c58,3,Salix nigra,2b792f66-c2ad-4b1f-914a-42994207b3d3,8/25/2023 14:28,dmarcum@nps.gov_nps,8/25/2023 14:28,dmarcum@nps.gov_nps,365BM2,,,,,,,,1,1,,,1,46.5,,,,
510,03e40479-1ca4-40b9-a7b6-0ad9dfc0ddbe,3,Lonicera morrowii,2b792f66-c2ad-4b1f-914a-42994207b3d3,8/25/2023 14:28,dmarcum@nps.gov_nps,8/25/2023 14:28,dmarcum@nps.gov_nps,365BM2,2,,1,,,,,,,,,,,,,,
511,31336ebf-fb5e-457a-9afc-258527efa8ae,3,Toxicodendron radicans,2b792f66-c2ad-4b1f-914a-42994207b3d3,8/25/2023 14:28,dmarcum@nps.gov_nps,8/25/2023 14:28,dmarcum@nps.gov_nps,365BM2,,1,,,,,,,,,,,,,,,
512,f2a5ee07-488f-4574-95eb-ab2ed87d8e8b,4,Salix exigua,2b792f66-c2ad-4b1f-914a-42994207b3d3,8/25/2023 14:28,dmarcum@nps.gov_nps,8/25/2023 14:28,dmarcum@nps.gov_nps,365BM2,25,22,45,3,,,,,,,,,,,,,
513,c9d006ff-3a3b-4f3b-a647-bcf657c5a089,4,Cornus obliqua,2b792f66-c2ad-4b1f-914a-42994207b3d3,8/25/2023 14:28,dmarcum@nps.gov_nps,8/25/2023 14:28,dmarcum@nps.gov_nps,365BM2,10,44,5,,,,,,,,,,,,,,
514,4ddc2d1d-fcf4-45a3-b498-20b57495ac85,4,Standing dead,2b792f66-c2ad-4b1f-914a-42994207b3d3,8/25/2023 14:28,dmarcum@nps.gov_nps,8/25/2023 14:28,dmarcum@nps.gov_nps,365BM2,17,11,20,1,,,,,,,,,,,,,
515,8c6bc28e-1bff-4c38-b8c3-07566054748b,4,Viburnum dentatum,2b792f66-c2ad-4b1f-914a-42994207b3d3,8/25/2023 14:28,dmarcum@nps.gov_nps,8/25/2023 14:28,dmarcum@nps.gov_nps,365BM2,8,11,1,,,,,,,,,,,,,,
516,0ad39c44-1dfa-442d-896c-060e9c4f994f,4,Rosa multiflora,2b792f66-c2ad-4b1f-914a-42994207b3d3,8/25/2023 14:28,dmarcum@nps.gov_nps,8/25/2023 14:28,dmarcum@nps.gov_nps,365BM2,3,4,1,,,,,,,,,,,,,,
517,8cc6d19c-811c-490c-ad91-a40c9a5f5a41,4,Lonicera morrowii,2b792f66-c2ad-4b1f-914a-42994207b3d3,8/25/2023 14:28,dmarcum@nps.gov_nps,8/25/2023 14:28,dmarcum@nps.gov_nps,365BM2,2,1,,,,,,,,,,,,,,,
518,8e722ae9-b924-4710-af0a-26f643118658,4,Ligustrum vulgare,2b792f66-c2ad-4b1f-914a-42994207b3d3,8/25/2023 14:28,dmarcum@nps.gov_nps,8/25/2023 14:28,dmarcum@nps.gov_nps,365BM2,4,4,2,,,,,,,,,,,,,,
519,96c658f9-a288-4035-ae6f-528435d6c176,4,Viburnum opulus var. opulus,2b792f66-c2ad-4b1f-914a-42994207b3d3,8/25/2023 14:28,dmarcum@nps.gov_nps,8/25/2023 14:28,dmarcum@nps.gov_nps,365BM2,1,1,2,,,,,,,,,,,,,,
520,c288f120-e748-49ea-bd44-59988e759f30,4,Malus toringo,2b792f66-c2ad-4b1f-914a-42994207b3d3,8/25/2023 14:28,dmarcum@nps.gov_nps,8/25/2023 14:28,dmarcum@nps.gov_nps,365BM2,,1,,,,,,,,,,,,,,,
521,ab7b435c-ca1c-4367-aca6-47550f0ddde1,4,Parthenocissus quinquefolia,2b792f66-c2ad-4b1f-914a-42994207b3d3,8/25/2023 14:28,dmarcum@nps.gov_nps,8/25/2023 14:28,dmarcum@nps.gov_nps,365BM2,,1,,,,,,,,,,,,,,,
522,dd4799ed-e466-4b96-a549-9a3ccfd78886,4,Toxicodendron radicans,2b792f66-c2ad-4b1f-914a-42994207b3d3,8/25/2023 14:28,dmarcum@nps.gov_nps,8/25/2023 14:28,dmarcum@nps.gov_nps,365BM2,,1,,,,,,,,,,,,,,,
523,8ac643d4-46aa-431b-a98c-4d460513e614,4,Rhamnus frangula,2b792f66-c2ad-4b1f-914a-42994207b3d3,8/25/2023 14:28,dmarcum@nps.gov_nps,8/25/2023 14:28,dmarcum@nps.gov_nps,365BM2,,4,,,,,,,,,,,,,,,
524,ff3fcb27-b300-4dc2-9aba-7153f41e2263,4,Lindera benzoin,2b792f66-c2ad-4b1f-914a-42994207b3d3,8/25/2023 14:28,dmarcum@nps.gov_nps,8/25/2023 14:28,dmarcum@nps.gov_nps,365BM2,1,,,,,,,,,,,,,,,,
525,bb1e20e3-ec84-4046-9f95-860bf5fa5edd,4,Platanus occidentalis,2b792f66-c2ad-4b1f-914a-42994207b3d3,8/25/2023 14:28,dmarcum@nps.gov_nps,8/25/2023 14:28,dmarcum@nps.gov_nps,365BM2,,1,,,,,,,,,,,,,,,
526,c15fb7c1-072c-4591-ad82-8803c0c94f69,1,Rosa multiflora,67285692-60c5-4c3a-9c02-4f03cab068ad,8/25/2023 18:32,dmarcum@nps.gov_nps,8/25/2023 18:32,dmarcum@nps.gov_nps,365BM6,9,,1,,,,,,,,,,,,,,
527,54f314e8-dbc4-4b94-b213-ab7985b1edd1,1,Ligustrum vulgare,67285692-60c5-4c3a-9c02-4f03cab068ad,8/25/2023 18:32,dmarcum@nps.gov_nps,8/25/2023 18:32,dmarcum@nps.gov_nps,365BM6,2,,1,,,,,,,,,,,,,,
528,000d568a-f408-47a7-8fc1-160af19cccc4,1,Fraxinus pennsylvanica,67285692-60c5-4c3a-9c02-4f03cab068ad,8/25/2023 18:32,dmarcum@nps.gov_nps,8/25/2023 18:32,dmarcum@nps.gov_nps,365BM6,,1,,,,,,,,,,,,,,,
529,0b2d0813-0223-4dbf-a4d4-a1308a908b35,1,Malus toringo,67285692-60c5-4c3a-9c02-4f03cab068ad,8/25/2023 18:32,dmarcum@nps.gov_nps,8/25/2023 18:32,dmarcum@nps.gov_nps,365BM6,,,1,,,,,,,,,,,,,,
530,90f994f8-b468-49ba-b123-b83b93ac272a,1,Quercus macrocarpa,67285692-60c5-4c3a-9c02-4f03cab068ad,8/25/2023 18:32,dmarcum@nps.gov_nps,8/25/2023 18:32,dmarcum@nps.gov_nps,365BM6,,,,,,,,,1,,,,,,,,
531,9a055a94-9f12-47fb-8db6-6dffd8d4aa9e,1,Toxicodendron radicans,67285692-60c5-4c3a-9c02-4f03cab068ad,8/25/2023 18:32,dmarcum@nps.gov_nps,8/25/2023 18:32,dmarcum@nps.gov_nps,365BM6,,1,,,,,,,,,,,,,,,
532,e3ff9f1e-41b7-42ff-a975-0d84f1f1ebba,2,Rosa multiflora,67285692-60c5-4c3a-9c02-4f03cab068ad,8/25/2023 18:32,dmarcum@nps.gov_nps,8/25/2023 18:32,dmarcum@nps.gov_nps,365BM6,16,2,1,,,,,,,,,,,,,,
533,eb22c786-e4f8-4003-93f2-edd19deda926,2,Fraxinus pennsylvanica,67285692-60c5-4c3a-9c02-4f03cab068ad,8/25/2023 18:32,dmarcum@nps.gov_nps,8/25/2023 18:32,dmarcum@nps.gov_nps,365BM6,,14,2,,,,,,,,,,,,,,
534,26721d39-1f8a-4bad-b268-fe37e867f575,2,Cornus racemosa,67285692-60c5-4c3a-9c02-4f03cab068ad,8/25/2023 18:32,dmarcum@nps.gov_nps,8/25/2023 18:32,dmarcum@nps.gov_nps,365BM6,,,,1,,,,,,,,,,,,,
535,b5f33564-f02f-4269-8a9e-8d03f144894f,2,Quercus macrocarpa,67285692-60c5-4c3a-9c02-4f03cab068ad,8/25/2023 18:32,dmarcum@nps.gov_nps,8/25/2023 18:32,dmarcum@nps.gov_nps,365BM6,,,,,,1,2,,,,,,,,,,
536,3a385624-9ff2-4b58-a0e3-db8764b29f40,2,Ligustrum vulgare,67285692-60c5-4c3a-9c02-4f03cab068ad,8/25/2023 18:32,dmarcum@nps.gov_nps,8/25/2023 18:32,dmarcum@nps.gov_nps,365BM6,6,,1,,,,,,,,,,,,,,
537,1269b055-18de-481d-a85d-126a9d94db91,2,Pyrus malus,67285692-60c5-4c3a-9c02-4f03cab068ad,8/25/2023 18:32,dmarcum@nps.gov_nps,8/25/2023 18:32,dmarcum@nps.gov_nps,365BM6,,,,,2,,,,,,,,,,,,
538,da7ff42a-ef43-45af-996b-c3bc918d0283,2,Lonicera maackii,67285692-60c5-4c3a-9c02-4f03cab068ad,8/25/2023 18:32,dmarcum@nps.gov_nps,8/25/2023 18:32,dmarcum@nps.gov_nps,365BM6,1,,,,,,,,,,,,,,,,
539,385ab063-a940-43b1-a4e6-8ed382fa3dbb,2,Standing dead,67285692-60c5-4c3a-9c02-4f03cab068ad,8/25/2023 18:32,dmarcum@nps.gov_nps,8/25/2023 18:32,dmarcum@nps.gov_nps,365BM6,2,,,,,,,,,,,,,,,,
540,1d6be8e5-6bb2-46b3-8221-3ca1c9ac9974,2,Crataegus punctata,67285692-60c5-4c3a-9c02-4f03cab068ad,8/25/2023 18:32,dmarcum@nps.gov_nps,8/25/2023 18:32,dmarcum@nps.gov_nps,365BM6,,,2,,,,,,,,,,,,,,
541,79789915-f244-485e-bbf1-fce604c78229,2,Crataegus coccinea,67285692-60c5-4c3a-9c02-4f03cab068ad,8/25/2023 18:32,dmarcum@nps.gov_nps,8/25/2023 18:32,dmarcum@nps.gov_nps,365BM6,,,,,1,,,,,,,,,,,,
542,fc1f60ab-ee9d-43e3-a174-531b7df1e9f4,3,Lonicera morrowii,67285692-60c5-4c3a-9c02-4f03cab068ad,8/25/2023 18:32,dmarcum@nps.gov_nps,8/25/2023 18:32,dmarcum@nps.gov_nps,365BM6,,1,,,,,,,,,,,,,,,
543,04df69b5-58e8-42a5-b221-f945aa06139b,3,Fraxinus pennsylvanica,67285692-60c5-4c3a-9c02-4f03cab068ad,8/25/2023 18:32,dmarcum@nps.gov_nps,8/25/2023 18:32,dmarcum@nps.gov_nps,365BM6,,,,,,1,,,,,,,,,,,
544,906d6159-f3a2-4d5a-bf74-99c1e8e35041,3,Pyrus malus,67285692-60c5-4c3a-9c02-4f03cab068ad,8/25/2023 18:32,dmarcum@nps.gov_nps,8/25/2023 18:32,dmarcum@nps.gov_nps,365BM6,,,,2,2,,,,,,,,,,,,
545,599970ac-7bf9-4cf0-ac28-094c909b76e0,3,Ligustrum vulgare,67285692-60c5-4c3a-9c02-4f03cab068ad,8/25/2023 18:32,dmarcum@nps.gov_nps,8/25/2023 18:32,dmarcum@nps.gov_nps,365BM6,40,1,,,,,,,,,,,,,,,
546,73d46599-afa9-4b7c-91c0-ca3e9829965b,3,Rosa multiflora,67285692-60c5-4c3a-9c02-4f03cab068ad,8/25/2023 18:32,dmarcum@nps.gov_nps,8/25/2023 18:32,dmarcum@nps.gov_nps,365BM6,7,2,,,,,,,,,,,,,,,
547,16c91c6d-319b-4281-b1b0-d68738c2f2a4,3,Quercus macrocarpa,67285692-60c5-4c3a-9c02-4f03cab068ad,8/25/2023 18:32,dmarcum@nps.gov_nps,8/25/2023 18:32,dmarcum@nps.gov_nps,365BM6,,,,6,5,,3,,,,,,,,,,
548,7469f510-165c-4d6a-b450-a71967dde2f4,3,Lonicera maackii,67285692-60c5-4c3a-9c02-4f03cab068ad,8/25/2023 18:32,dmarcum@nps.gov_nps,8/25/2023 18:32,dmarcum@nps.gov_nps,365BM6,3,,2,,,,,,,,,,,,,,
549,5e56804d-ed3b-4442-b52d-a7753a542284,3,Cornus racemosa,67285692-60c5-4c3a-9c02-4f03cab068ad,8/25/2023 18:32,dmarcum@nps.gov_nps,8/25/2023 18:32,dmarcum@nps.gov_nps,365BM6,,,,1,,,,,,,,,,,,,
550,7676996d-1301-4cb0-9532-e6fa0123967d,3,Quercus imbricaria,67285692-60c5-4c3a-9c02-4f03cab068ad,8/25/2023 18:32,dmarcum@nps.gov_nps,8/25/2023 18:32,dmarcum@nps.gov_nps,365BM6,1,,,1,,,,,,,,,,,,,
551,e9889b58-eb27-46d6-be19-22e4ce3130ad,3,Malus toringo,67285692-60c5-4c3a-9c02-4f03cab068ad,8/25/2023 18:32,dmarcum@nps.gov_nps,8/25/2023 18:32,dmarcum@nps.gov_nps,365BM6,1,,2,,,,,,,,,,,,,,
553,c9940622-9969-44cf-af9e-757e3e171a9c,3,Crataegus coccinea,67285692-60c5-4c3a-9c02-4f03cab068ad,8/25/2023 18:32,dmarcum@nps.gov_nps,8/25/2023 18:32,dmarcum@nps.gov_nps,365BM6,,,,2,,,,,,,,,,,,,
554,4fd3c64d-e991-472d-ad55-6a30c9f5cccd,3,Ulmus americana,67285692-60c5-4c3a-9c02-4f03cab068ad,8/25/2023 18:32,dmarcum@nps.gov_nps,8/25/2023 18:32,dmarcum@nps.gov_nps,365BM6,,,,,1,,,1,1,,,,,,,,
555,a8298ef3-f39a-49ef-af5a-6d204d2e2e31,4,Lonicera maackii,67285692-60c5-4c3a-9c02-4f03cab068ad,8/25/2023 18:32,dmarcum@nps.gov_nps,8/25/2023 18:32,dmarcum@nps.gov_nps,365BM6,1,,,,,,,,,,,,,,,,
556,f8042542-2e7f-43a1-98dd-af053e6f6a51,4,Ligustrum vulgare,67285692-60c5-4c3a-9c02-4f03cab068ad,8/25/2023 18:32,dmarcum@nps.gov_nps,8/25/2023 18:32,dmarcum@nps.gov_nps,365BM6,24,3,1,3,,,,,,,,,,,,,
557,9e4bcdbd-9d34-44e7-a86d-8b7d24110376,4,Lonicera morrowii,67285692-60c5-4c3a-9c02-4f03cab068ad,8/25/2023 18:32,dmarcum@nps.gov_nps,8/25/2023 18:32,dmarcum@nps.gov_nps,365BM6,5,,,,,,,,,,,,,,,,
558,354b9be7-cc19-401e-ba1b-39107453c218,4,Fraxinus pennsylvanica,67285692-60c5-4c3a-9c02-4f03cab068ad,8/25/2023 18:32,dmarcum@nps.gov_nps,8/25/2023 18:32,dmarcum@nps.gov_nps,365BM6,,6,2,1,,,,,,,,,,,,,
559,d3627e8e-b79e-4a52-b4f2-534e714ca42d,4,Crataegus coccinea,67285692-60c5-4c3a-9c02-4f03cab068ad,8/25/2023 18:32,dmarcum@nps.gov_nps,8/25/2023 18:32,dmarcum@nps.gov_nps,365BM6,,,,,1,,,,,,,,,,,,
560,c9e5ecab-5355-443f-8f40-f6e7619abb2d,4,Rosa multiflora,67285692-60c5-4c3a-9c02-4f03cab068ad,8/25/2023 18:32,dmarcum@nps.gov_nps,8/25/2023 18:32,dmarcum@nps.gov_nps,365BM6,9,9,,,,,,,,,,,,,,,
561,8ed03714-42de-4ede-84ca-a3ad560c3dae,4,Crataegus punctata,67285692-60c5-4c3a-9c02-4f03cab068ad,8/25/2023 18:32,dmarcum@nps.gov_nps,8/25/2023 18:32,dmarcum@nps.gov_nps,365BM6,,,,1,1,,,,,,,,,,,,
562,4a320efa-573a-46b0-aacf-574dc00f52cc,4,Malus toringo,67285692-60c5-4c3a-9c02-4f03cab068ad,8/25/2023 18:32,dmarcum@nps.gov_nps,8/25/2023 18:32,dmarcum@nps.gov_nps,365BM6,1,,1,1,1,,,,,,,,,,,,
563,c49c54e2-021f-4843-bed5-3d56cb37538d,4,Rubus occidentalis,67285692-60c5-4c3a-9c02-4f03cab068ad,8/25/2023 18:32,dmarcum@nps.gov_nps,8/25/2023 18:32,dmarcum@nps.gov_nps,365BM6,,1,,,,,,,,,,,,,,,
564,b77274f7-d5b0-4c2d-afc6-ac7df821cdfe,4,Quercus macrocarpa,67285692-60c5-4c3a-9c02-4f03cab068ad,8/25/2023 18:32,dmarcum@nps.gov_nps,8/25/2023 18:32,dmarcum@nps.gov_nps,365BM6,,,,,,,,,1,,,,,,,,
565,b5fd3728-815f-4739-9f83-cf64e6adc3b6,4,Crataegus crus-galli,67285692-60c5-4c3a-9c02-4f03cab068ad,8/25/2023 18:32,dmarcum@nps.gov_nps,8/25/2023 18:32,dmarcum@nps.gov_nps,365BM6,,1,,,,,,,,,,,,,,,
566,e0a26798-7f4d-40d6-92cb-4908db9e208b,4,Lonicera japonica,67285692-60c5-4c3a-9c02-4f03cab068ad,8/25/2023 18:32,dmarcum@nps.gov_nps,8/25/2023 18:32,dmarcum@nps.gov_nps,365BM6,,5,,,,,,,,,,,,,,,
567,57b202ec-fedf-429a-89ea-21a417aef174,4,Carya cordiformis,67285692-60c5-4c3a-9c02-4f03cab068ad,8/25/2023 18:32,dmarcum@nps.gov_nps,8/25/2023 18:32,dmarcum@nps.gov_nps,365BM6,,1,,,,,,,,,,,,,,,
568,7e7affd3-54c5-4ec1-b7ec-01502f8131a4,5,Rosa multiflora,67285692-60c5-4c3a-9c02-4f03cab068ad,8/25/2023 18:32,dmarcum@nps.gov_nps,8/25/2023 18:32,dmarcum@nps.gov_nps,365BM6,,1,,,,,,,,,,,,,,,
569,d8885461-5bda-4582-962e-1446ca683b0c,5,Lonicera morrowii,67285692-60c5-4c3a-9c02-4f03cab068ad,8/25/2023 18:32,dmarcum@nps.gov_nps,8/25/2023 18:32,dmarcum@nps.gov_nps,365BM6,3,,,,,,,,,,,,,,,,
570,7390f7da-1e6d-485a-afba-c741518324b1,5,Standing dead,67285692-60c5-4c3a-9c02-4f03cab068ad,8/25/2023 18:32,dmarcum@nps.gov_nps,8/25/2023 18:32,dmarcum@nps.gov_nps,365BM6,1,,1,1,,,,,,,,,,,,,
571,58692b3a-d0c8-44a8-a33a-dba809bfde79,5,Ligustrum vulgare,67285692-60c5-4c3a-9c02-4f03cab068ad,8/25/2023 18:32,dmarcum@nps.gov_nps,8/25/2023 18:32,dmarcum@nps.gov_nps,365BM6,2,,4,,,,,,,,,,,,,,
572,572c3855-95fa-4c4b-bc20-21847a37f0f3,6,Ligustrum vulgare,67285692-60c5-4c3a-9c02-4f03cab068ad,8/25/2023 18:32,dmarcum@nps.gov_nps,8/25/2023 18:32,dmarcum@nps.gov_nps,365BM6,17,5,6,3,,,,,,,,,,,,,
573,38c19526-a7e6-4112-9eb7-11a99de336fa,6,Standing dead,67285692-60c5-4c3a-9c02-4f03cab068ad,8/25/2023 18:32,dmarcum@nps.gov_nps,8/25/2023 18:32,dmarcum@nps.gov_nps,365BM6,2,1,1,2,,,,,,,,,,,,,
574,d8c83bb4-ac87-428b-834e-d5cb712a7cc3,6,Rosa multiflora,67285692-60c5-4c3a-9c02-4f03cab068ad,8/25/2023 18:32,dmarcum@nps.gov_nps,8/25/2023 18:32,dmarcum@nps.gov_nps,365BM6,18,3,3,,,,,,,,,,,,,,
575,d6f20a2e-9805-4c9f-8144-b5d876ddd355,6,Lonicera maackii,67285692-60c5-4c3a-9c02-4f03cab068ad,8/25/2023 18:32,dmarcum@nps.gov_nps,8/25/2023 18:32,dmarcum@nps.gov_nps,365BM6,2,,1,1,,,,,,,,,,,,,
576,8e3b66f7-0dd3-4e27-818c-a85a499d4c1f,6,Carpinus caroliniana,67285692-60c5-4c3a-9c02-4f03cab068ad,8/25/2023 18:32,dmarcum@nps.gov_nps,8/25/2023 18:32,dmarcum@nps.gov_nps,365BM6,,,1,,,,,,,,,,,,,,
577,ddfc8dec-0b72-4c35-a7c8-648841a5ca74,6,Crataegus punctata,67285692-60c5-4c3a-9c02-4f03cab068ad,8/25/2023 18:32,dmarcum@nps.gov_nps,8/25/2023 18:32,dmarcum@nps.gov_nps,365BM6,1,,2,3,2,,,,,,,,,,,,
578,9ca349ea-1f08-47f3-bd8a-1701efe5e660,6,Ulmus americana,67285692-60c5-4c3a-9c02-4f03cab068ad,8/25/2023 18:32,dmarcum@nps.gov_nps,8/25/2023 18:32,dmarcum@nps.gov_nps,365BM6,,,,,,,,1,,,,,,,,,
579,fdf1d7af-5f64-4f40-b3d1-4e3090e2f18c,6,Celastrus orbiculatus,67285692-60c5-4c3a-9c02-4f03cab068ad,8/25/2023 18:32,dmarcum@nps.gov_nps,8/25/2023 18:32,dmarcum@nps.gov_nps,365BM6,,1,,,,,,,,,,,,,,,
580,c8a589fb-9493-44d6-a8cc-79fb91ba1016,6,Quercus imbricaria,67285692-60c5-4c3a-9c02-4f03cab068ad,8/25/2023 18:32,dmarcum@nps.gov_nps,8/25/2023 18:32,dmarcum@nps.gov_nps,365BM6,,,,,,,,1,,1,,,,,,,
581,d770f180-1561-4c9f-8129-0331b6d007ea,6,Platanus occidentalis,67285692-60c5-4c3a-9c02-4f03cab068ad,8/25/2023 18:32,dmarcum@nps.gov_nps,8/25/2023 18:32,dmarcum@nps.gov_nps,365BM6,,,,,1,,1,,,1,,1,50,,,,
582,2cadcd6d-29ed-437b-b65a-05116c9f89f5,6,Fraxinus pennsylvanica,67285692-60c5-4c3a-9c02-4f03cab068ad,8/25/2023 18:32,dmarcum@nps.gov_nps,8/25/2023 18:32,dmarcum@nps.gov_nps,365BM6,,1,,,,,,,,,,,,,,,
583,9edf7a71-8471-4059-8810-1eff896030f3,6,Pyrus malus,67285692-60c5-4c3a-9c02-4f03cab068ad,8/25/2023 18:32,dmarcum@nps.gov_nps,8/25/2023 18:32,dmarcum@nps.gov_nps,365BM6,1,,,1,,,,,,,,,,,,,
584,03420a14-315b-4078-a463-7c685d6d9fd9,6,Quercus imbricaria,67285692-60c5-4c3a-9c02-4f03cab068ad,8/25/2023 18:32,dmarcum@nps.gov_nps,8/25/2023 18:32,dmarcum@nps.gov_nps,365BM6,,,,,,,,1,,1,,,,,,,
585,2b7c2705-b0db-4759-9e90-b359700180ed,6,Platanus occidentalis,67285692-60c5-4c3a-9c02-4f03cab068ad,8/25/2023 18:32,dmarcum@nps.gov_nps,8/25/2023 18:32,dmarcum@nps.gov_nps,365BM6,,,,,2,,1,,,1,,1,50,,,,
586,edd1b66c-b780-46f4-a314-3ab8d8d38ea9,7,Viburnum lentago,67285692-60c5-4c3a-9c02-4f03cab068ad,8/25/2023 18:32,dmarcum@nps.gov_nps,8/25/2023 18:32,dmarcum@nps.gov_nps,365BM6,,,,,,1,,,,,,,,,,,
587,9226847c-35e6-4b48-9b57-d35cb56c30c8,7,Rosa multiflora,67285692-60c5-4c3a-9c02-4f03cab068ad,8/25/2023 18:32,dmarcum@nps.gov_nps,8/25/2023 18:32,dmarcum@nps.gov_nps,365BM6,25,3,5,,,,,,,,,,,,,,
588,9fa98e11-7871-4b3b-b04f-e5c55e7540da,7,Carpinus caroliniana,67285692-60c5-4c3a-9c02-4f03cab068ad,8/25/2023 18:32,dmarcum@nps.gov_nps,8/25/2023 18:32,dmarcum@nps.gov_nps,365BM6,,1,,,,,,,,,,,,,,,
589,7c9c6dc1-d08a-4978-bb40-d22f067581c7,7,Lonicera maackii,67285692-60c5-4c3a-9c02-4f03cab068ad,8/25/2023 18:32,dmarcum@nps.gov_nps,8/25/2023 18:32,dmarcum@nps.gov_nps,365BM6,2,1,2,,,,,,,,,,,,,,
590,fa05e42e-0bf2-49f9-b1a1-ffee243d6359,7,Fraxinus pennsylvanica,67285692-60c5-4c3a-9c02-4f03cab068ad,8/25/2023 18:32,dmarcum@nps.gov_nps,8/25/2023 18:32,dmarcum@nps.gov_nps,365BM6,,4,,,,,,,,,,,,,,,
591,69a4f3ec-2d7f-41b2-991b-80d2f12ba2cb,7,Ligustrum vulgare,67285692-60c5-4c3a-9c02-4f03cab068ad,8/25/2023 18:32,dmarcum@nps.gov_nps,8/25/2023 18:32,dmarcum@nps.gov_nps,365BM6,2,,3,,,,,,,,,,,,,,
592,d2692b6b-df16-400d-9591-1b4635f7c3f7,7,Lonicera morrowii,67285692-60c5-4c3a-9c02-4f03cab068ad,8/25/2023 18:32,dmarcum@nps.gov_nps,8/25/2023 18:32,dmarcum@nps.gov_nps,365BM6,3,,,,,,,,,,,,,,,,
593,b795a8a9-ef82-4dca-af95-7deef584e4ae,7,Crataegus coccinea,67285692-60c5-4c3a-9c02-4f03cab068ad,8/25/2023 18:32,dmarcum@nps.gov_nps,8/25/2023 18:32,dmarcum@nps.gov_nps,365BM6,,,,,1,,,,,,,,,,,,
594,41fa3eaf-7bc9-4a65-8585-6a84ce8a2b38,7,Cornus racemosa,67285692-60c5-4c3a-9c02-4f03cab068ad,8/25/2023 18:32,dmarcum@nps.gov_nps,8/25/2023 18:32,dmarcum@nps.gov_nps,365BM6,1,3,,1,,,,,,,,,,,,,
595,622cc115-9c4a-4665-a1b5-d99996578b19,7,Aesculus glabra,67285692-60c5-4c3a-9c02-4f03cab068ad,8/25/2023 18:32,dmarcum@nps.gov_nps,8/25/2023 18:32,dmarcum@nps.gov_nps,365BM6,,,,,1,1,,,,,,,,,,,
596,4a07bfbf-e121-40ba-a5f4-aee0c03958c1,7,Celastrus orbiculatus,67285692-60c5-4c3a-9c02-4f03cab068ad,8/25/2023 18:32,dmarcum@nps.gov_nps,8/25/2023 18:32,dmarcum@nps.gov_nps,365BM6,,2,,,,,,,,,,,,,,,
597,ac0da222-1ddf-4c64-8767-54be58fedd32,7,Malus toringo,67285692-60c5-4c3a-9c02-4f03cab068ad,8/25/2023 18:32,dmarcum@nps.gov_nps,8/25/2023 18:32,dmarcum@nps.gov_nps,365BM6,,1,,,,,,,,,,,,,,,
598,d49db6cb-660d-4d03-b9f0-5452926cacc5,7,Ligustrum vulgare,67285692-60c5-4c3a-9c02-4f03cab068ad,8/25/2023 18:32,dmarcum@nps.gov_nps,8/25/2023 18:32,dmarcum@nps.gov_nps,365BM6,3,,1,,,,,,,,,,,,,,
599,891204df-f01e-4820-8576-3dfa57a41ee0,8,Fraxinus pennsylvanica,67285692-60c5-4c3a-9c02-4f03cab068ad,8/25/2023 18:32,dmarcum@nps.gov_nps,8/25/2023 18:32,dmarcum@nps.gov_nps,365BM6,,3,,,,,,,,,,,,,,,
600,3f9c151e-2a42-43ce-bdc2-acba21aa06d8,8,Rosa multiflora,67285692-60c5-4c3a-9c02-4f03cab068ad,8/25/2023 18:32,dmarcum@nps.gov_nps,8/25/2023 18:32,dmarcum@nps.gov_nps,365BM6,4,2,,,,,,,,,,,,,,,
601,1bc0fcc7-6972-4b32-9572-345a65c4607c,8,Cornus racemosa,67285692-60c5-4c3a-9c02-4f03cab068ad,8/25/2023 18:32,dmarcum@nps.gov_nps,8/25/2023 18:32,dmarcum@nps.gov_nps,365BM6,,2,,,,,,,,,,,,,,,
602,05feafa0-c0d1-44eb-9067-a8d7cae062ed,8,Rubus occidentalis,67285692-60c5-4c3a-9c02-4f03cab068ad,8/25/2023 18:32,dmarcum@nps.gov_nps,8/25/2023 18:32,dmarcum@nps.gov_nps,365BM6,,2,,,,,,,,,,,,,,,
603,2e3bf4d7-7bb2-48ae-9eea-9ef55bc35130,8,Carpinus caroliniana,67285692-60c5-4c3a-9c02-4f03cab068ad,8/25/2023 18:32,dmarcum@nps.gov_nps,8/25/2023 18:32,dmarcum@nps.gov_nps,365BM6,,1,,,,,,,,,,,,,,,
