ObjectID,GlobalID,WoodyModule,SpeciesCode,DiameterClassRange,Count,ParentGlobalID,CreationDate,Creator,EditDate,Editor,WoodySiteName,ShrubClump,D0to1,D1to2_5,D2_5to5,D5to10,D10to15,D15to20,D20to25,D25to30,D30to35,D35to40,Dgt40,Dgt40_1,Dgt40_2,Dgt40_3,Dgt40_4,Dgt40_5
17,fa3c558e-1a06-493c-824a-d8b157ed3f22,1,SLXEXI,,,9ec44fc3-2a29-4c75-a04a-dddd701dd9e5,6/27/2023 18:42,dmarcum@nps.gov_nps,6/27/2023 18:42,dmarcum@nps.gov_nps,969,8,46,240,44,,,,,,,,,,,,,
18,61847220-fcc1-4823-bc9d-c501fb4f2b3c,1,STNDEAD,,,9ec44fc3-2a29-4c75-a04a-dddd701dd9e5,6/27/2023 18:42,dmarcum@nps.gov_nps,6/27/2023 18:42,dmarcum@nps.gov_nps,969,,25,33,1,,,,,,,,,,,,,
19,dc772a7c-7bd8-4349-8571-49450acda364,1,COROBL,,,9ec44fc3-2a29-4c75-a04a-dddd701dd9e5,6/27/2023 18:42,dmarcum@nps.gov_nps,6/27/2023 18:42,dmarcum@nps.gov_nps,969,,1,,,,,,,,,,,,,,,
20,c8731d8e-ba38-4b14-a361-f06b25fd349a,1,ULMAME,,,9ec44fc3-2a29-4c75-a04a-dddd701dd9e5,6/27/2023 18:42,dmarcum@nps.gov_nps,6/27/2023 18:42,dmarcum@nps.gov_nps,969,,1,,,,,,,,,,,,,,,
21,54619af5-b188-46b3-8d6c-b49dc251b78a,2,SLXEXI,,,9ec44fc3-2a29-4c75-a04a-dddd701dd9e5,6/27/2023 18:42,dmarcum@nps.gov_nps,6/27/2023 18:42,dmarcum@nps.gov_nps,969,15,57,54,1,,,,,,,,,,,,,
22,3de8fd2a-a38d-4d99-acfd-90ca5f96c6dc,2,STNDEAD,,,9ec44fc3-2a29-4c75-a04a-dddd701dd9e5,6/27/2023 18:42,dmarcum@nps.gov_nps,6/27/2023 18:42,dmarcum@nps.gov_nps,969,4,23,46,,,,,,,,,,,,,,
23,555c3bb8-37ee-4332-b13a-d2536c487b22,2,ROSMUL,,,9ec44fc3-2a29-4c75-a04a-dddd701dd9e5,6/27/2023 18:42,dmarcum@nps.gov_nps,6/27/2023 18:42,dmarcum@nps.gov_nps,969,1,,,,,,,,,,,,,,,,
24,52c61118-ac5e-44b6-9826-ae7e63230949,3,SLXEXI,,,9ec44fc3-2a29-4c75-a04a-dddd701dd9e5,6/28/2023 16:45,dmarcum@nps.gov_nps,6/28/2023 16:45,dmarcum@nps.gov_nps,969,13,85,14,,,,,,,,,,,,,,
25,7814a6d9-2325-44b9-a459-13779b3b0252,3,STNDEAD,,,9ec44fc3-2a29-4c75-a04a-dddd701dd9e5,6/28/2023 16:45,dmarcum@nps.gov_nps,6/28/2023 16:45,dmarcum@nps.gov_nps,969,1,13,29,1,,,,,,,,,,,,,
26,9a788cfe-6865-4e41-acc2-346dadc12efe,3,ROSMUL,,,9ec44fc3-2a29-4c75-a04a-dddd701dd9e5,6/28/2023 16:45,dmarcum@nps.gov_nps,6/28/2023 16:45,dmarcum@nps.gov_nps,969,2,,1,,,,,,,,,,,,,,
27,3170396a-3afd-4312-b95f-50fbc25c36d3,4,SLXEXI,,,9ec44fc3-2a29-4c75-a04a-dddd701dd9e5,6/28/2023 16:45,dmarcum@nps.gov_nps,6/28/2023 16:45,dmarcum@nps.gov_nps,969,24,51,19,4,,,,,,,,,,,,,
28,08aa3af3-2956-47cc-ab47-afb0d0c93816,4,STNDEAD,,,9ec44fc3-2a29-4c75-a04a-dddd701dd9e5,6/28/2023 16:45,dmarcum@nps.gov_nps,6/28/2023 16:45,dmarcum@nps.gov_nps,969,9,10,59,17,,,,,,,,,,,,,
29,94ed5519-75a1-431c-ab58-b93b0a1d83f1,4,FRAPEN,,,9ec44fc3-2a29-4c75-a04a-dddd701dd9e5,6/28/2023 16:45,dmarcum@nps.gov_nps,6/28/2023 16:45,dmarcum@nps.gov_nps,969,,1,,,,,,,,,,,,,,,
31,ba6a3786-d2c4-465a-9a72-0a29421f2b4a,1,ACENEG,,,97bcd4ab-7776-4711-93d9-cd2c971928d4,6/29/2023 16:05,dmarcum@nps.gov_nps,6/29/2023 16:05,dmarcum@nps.gov_nps,1049,,,,,,,,1,,,,,,,,,
32,384151c4-2e1e-4911-b568-05621c0d3dde,2,ACENEG,,,97bcd4ab-7776-4711-93d9-cd2c971928d4,6/29/2023 16:05,dmarcum@nps.gov_nps,6/29/2023 16:05,dmarcum@nps.gov_nps,1049,1,,,,,,,,1,,1,1,45,,,,
33,162a2b38-badd-4e8d-ac18-410067df7d7f,2,STNDEAD,,,97bcd4ab-7776-4711-93d9-cd2c971928d4,6/29/2023 16:05,dmarcum@nps.gov_nps,6/29/2023 16:05,dmarcum@nps.gov_nps,1049,,,,,,1,,,,,,,,,,,
34,c0b2f267-7e5c-4932-978a-9ced4124f4f5,2,POPDEL,,,97bcd4ab-7776-4711-93d9-cd2c971928d4,6/29/2023 16:05,dmarcum@nps.gov_nps,6/29/2023 16:05,dmarcum@nps.gov_nps,1049,,,,,,,,,,,,1,53.7,,,,
35,1a43a33b-980f-4003-a4ab-d301c7cbff69,2,ROSMUL,,,97bcd4ab-7776-4711-93d9-cd2c971928d4,6/29/2023 16:05,dmarcum@nps.gov_nps,6/29/2023 16:05,dmarcum@nps.gov_nps,1049,,2,,,,,,,,,,,,,,,
36,2fe55b78-2a6d-4c2d-b0ac-dedbf5208239,3,ACENEG,,,97bcd4ab-7776-4711-93d9-cd2c971928d4,6/29/2023 16:05,dmarcum@nps.gov_nps,6/29/2023 16:05,dmarcum@nps.gov_nps,1049,,,,,,,,,1,,1,,,,,,
37,2c8775f4-7c82-449b-a156-e1983676c8b0,3,POPDEL,,,97bcd4ab-7776-4711-93d9-cd2c971928d4,6/29/2023 16:05,dmarcum@nps.gov_nps,6/29/2023 16:05,dmarcum@nps.gov_nps,1049,,,,,,,,,,,,2,65.7,80.6,,,
38,f26f7fcc-7fff-48be-8324-6ab89f8a0c11,3,STNDEAD,,,97bcd4ab-7776-4711-93d9-cd2c971928d4,6/29/2023 16:05,dmarcum@nps.gov_nps,6/29/2023 16:05,dmarcum@nps.gov_nps,1049,,,,,,,,,,1,,,,,,,
39,85cf4e1a-e436-4e52-af75-6a8e23072d24,3,VITRIP,,,97bcd4ab-7776-4711-93d9-cd2c971928d4,6/29/2023 16:05,dmarcum@nps.gov_nps,6/29/2023 16:05,dmarcum@nps.gov_nps,1049,,,2,1,,,,,,,,,,,,,
40,2206b191-e17d-4841-a9c9-b55cd97a1f8d,4,POPDEL,,,97bcd4ab-7776-4711-93d9-cd2c971928d4,6/29/2023 16:05,dmarcum@nps.gov_nps,6/29/2023 16:05,dmarcum@nps.gov_nps,1049,,,,,,,,,,1,,,,,,,
41,ebe34eff-45c2-49c0-863c-138238b0b118,5,ACENEG,,,97bcd4ab-7776-4711-93d9-cd2c971928d4,6/29/2023 16:05,dmarcum@nps.gov_nps,6/29/2023 16:05,dmarcum@nps.gov_nps,1049,,,,,,,3,,1,,,,,,,,
42,858408bd-10a3-42d5-867b-2b647c94b460,5,STNDEAD,,,97bcd4ab-7776-4711-93d9-cd2c971928d4,6/29/2023 16:05,dmarcum@nps.gov_nps,6/29/2023 16:05,dmarcum@nps.gov_nps,1049,,,,,,,1,,,,,,,,,,
43,7d79d9a3-d803-4838-8c6d-e81bd732d1e6,5,VITRIP,,,97bcd4ab-7776-4711-93d9-cd2c971928d4,6/29/2023 16:05,dmarcum@nps.gov_nps,6/29/2023 16:05,dmarcum@nps.gov_nps,1049,,1,2,,,,,,,,,,,,,,
44,b00aab92-7f75-4fe9-a3cd-029858e6c20f,6,POPDEL,,,97bcd4ab-7776-4711-93d9-cd2c971928d4,6/29/2023 16:05,dmarcum@nps.gov_nps,6/29/2023 16:05,dmarcum@nps.gov_nps,1049,,,,,,,,,,,,2,45.6,90.7,,,
45,707c068e-83b7-4275-aa6a-b654483c2618,7,POPDEL,,,97bcd4ab-7776-4711-93d9-cd2c971928d4,6/29/2023 16:05,dmarcum@nps.gov_nps,6/29/2023 16:05,dmarcum@nps.gov_nps,1049,,,,,,,,,,,1,3,51.6,76.4,61,,
46,87932314-78e7-40f1-95df-5b0a912a51a9,7,PARQUI,,,97bcd4ab-7776-4711-93d9-cd2c971928d4,6/29/2023 16:05,dmarcum@nps.gov_nps,6/29/2023 16:05,dmarcum@nps.gov_nps,1049,,2,3,,,,,,,,,,,,,,
47,5535d1de-650b-4e6c-9703-44c1cf227ec2,7,TOXRAD,,,97bcd4ab-7776-4711-93d9-cd2c971928d4,6/29/2023 16:05,dmarcum@nps.gov_nps,6/29/2023 16:05,dmarcum@nps.gov_nps,1049,,7,3,,1,,,,,,,,,,,,
48,ea95bbb0-11b7-48b3-9500-127a616ceff5,7,VITRIP,,,97bcd4ab-7776-4711-93d9-cd2c971928d4,6/29/2023 16:05,dmarcum@nps.gov_nps,6/29/2023 16:05,dmarcum@nps.gov_nps,1049,,,,1,,,,,,,,,,,,,
49,f09de620-bce0-45f9-a1d3-c57e20fffd82,7,STNDEAD,,,97bcd4ab-7776-4711-93d9-cd2c971928d4,6/29/2023 16:05,dmarcum@nps.gov_nps,6/29/2023 16:05,dmarcum@nps.gov_nps,1049,,,,1,,,,,,,,,,,,,
50,66dc4f84-51f1-4cbd-9bd9-45fe0fd03633,8,ACENEG,,,97bcd4ab-7776-4711-93d9-cd2c971928d4,6/29/2023 16:05,dmarcum@nps.gov_nps,6/29/2023 16:05,dmarcum@nps.gov_nps,1049,,,,,1,,,2,1,1,,,,,,,
51,f5c9734f-1f71-4094-9e58-46e60cbe0754,8,PARQUI,,,97bcd4ab-7776-4711-93d9-cd2c971928d4,6/29/2023 16:05,dmarcum@nps.gov_nps,6/29/2023 16:05,dmarcum@nps.gov_nps,1049,,1,,,,,,,,,,,,,,,
52,81d6fb04-4bae-4059-bdf9-e4328361030f,9,ACENEG,,,97bcd4ab-7776-4711-93d9-cd2c971928d4,6/29/2023 16:05,dmarcum@nps.gov_nps,6/29/2023 16:05,dmarcum@nps.gov_nps,1049,,,,,,,1,,1,,,,,,,,
53,42aa54ee-0df9-41f4-b119-6b50c531cf69,9,VITRIP,,,97bcd4ab-7776-4711-93d9-cd2c971928d4,6/29/2023 16:05,dmarcum@nps.gov_nps,6/29/2023 16:05,dmarcum@nps.gov_nps,1049,,,,1,,,,,,,,,,,,,
54,5866a268-8bda-4a25-aa00-c7a3e4629529,10,VITRIP,,,97bcd4ab-7776-4711-93d9-cd2c971928d4,6/29/2023 16:05,dmarcum@nps.gov_nps,6/29/2023 16:05,dmarcum@nps.gov_nps,1049,,,4,2,,,,,,,,,,,,,
55,2c345f69-2934-44a3-bbd9-13b1ff5cdc7e,10,ULMAME,,,97bcd4ab-7776-4711-93d9-cd2c971928d4,6/29/2023 16:05,dmarcum@nps.gov_nps,6/29/2023 16:05,dmarcum@nps.gov_nps,1049,,,,,,1,,,,,,,,,,,
56,f041d613-5740-4609-a9e8-f58651a866ae,10,POPDEL,,,97bcd4ab-7776-4711-93d9-cd2c971928d4,6/29/2023 16:05,dmarcum@nps.gov_nps,6/29/2023 16:05,dmarcum@nps.gov_nps,1049,,,,,,,,,,,,2,68.2,77.2,,,
57,30c1ca0f-0c81-472b-9aa6-47163a922d16,10,ACENEG,,,97bcd4ab-7776-4711-93d9-cd2c971928d4,6/29/2023 16:05,dmarcum@nps.gov_nps,6/29/2023 16:05,dmarcum@nps.gov_nps,1049,,,,,,1,,,,,,,,,,,
58,c8f487a6-22de-466b-8a81-bddd79b3586c,10,STNDEAD,,,97bcd4ab-7776-4711-93d9-cd2c971928d4,6/29/2023 16:05,dmarcum@nps.gov_nps,6/29/2023 16:05,dmarcum@nps.gov_nps,1049,,,,,,,,,,,1,,,,,,
59,34ae37d8-ea4b-4a01-b3ec-6892ab5b9754,3,ULMAME,,,3a5323eb-4cf9-48c8-845b-a926197407c7,7/6/2023 13:40,dmarcum@nps.gov_nps,7/6/2023 13:40,dmarcum@nps.gov_nps,1043,,,,,,,,,,1,,,,,,,
60,8b0701bc-1577-4359-89c2-476a6cf53a3b,2,SLXNIG,,,ca089d06-df09-423d-9d4e-25094358e430,7/7/2023 15:08,dmarcum@nps.gov_nps,7/7/2023 15:08,dmarcum@nps.gov_nps,1047,,,,,,,,1,,,,,,,,,
61,f12fedfb-ae6f-457b-8488-4158a5b44c83,3,SLXEXI,,,ca089d06-df09-423d-9d4e-25094358e430,7/7/2023 15:08,dmarcum@nps.gov_nps,7/7/2023 15:08,dmarcum@nps.gov_nps,1047,2,1,7,4,1,,,,,,,,,,,,
62,778e7fe9-557e-4d76-95e6-20629815c568,3,STNDEAD,,,ca089d06-df09-423d-9d4e-25094358e430,7/7/2023 15:08,dmarcum@nps.gov_nps,7/7/2023 15:08,dmarcum@nps.gov_nps,1047,1,,2,4,,,,,,,,,,,,,
63,597be843-b888-44ea-a2a8-93686aa5c559,8,SLXEXI,,,ca089d06-df09-423d-9d4e-25094358e430,7/7/2023 15:08,dmarcum@nps.gov_nps,7/7/2023 15:08,dmarcum@nps.gov_nps,1047,7,2,10,13,2,,,,,,,,,,,,
64,a1f1383d-4d6d-454f-958c-a8ef391a1e80,8,STNDEAD,,,ca089d06-df09-423d-9d4e-25094358e430,7/7/2023 15:08,dmarcum@nps.gov_nps,7/7/2023 15:08,dmarcum@nps.gov_nps,1047,4,,1,2,7,,,,,,,,,,,,
65,d72723fc-5ee2-420d-abe2-7ff4a7f44b35,9,SLXNIG,,,ca089d06-df09-423d-9d4e-25094358e430,7/7/2023 15:08,dmarcum@nps.gov_nps,7/7/2023 15:08,dmarcum@nps.gov_nps,1047,,,,,,,,,,1,,1,42.4,,,,
66,ebf4bb61-43fc-436f-a445-ee8fe19d30ac,9,SLXEXI,,,ca089d06-df09-423d-9d4e-25094358e430,7/7/2023 15:08,dmarcum@nps.gov_nps,7/7/2023 15:08,dmarcum@nps.gov_nps,1047,,2,3,,,,,,,,,,,,,,
67,ee05a2a7-3f57-414c-80d4-23daa7df0be8,1,ACESAC,,,2e823f0a-2b6b-4537-9055-8417783c156d,7/7/2023 18:48,dmarcum@nps.gov_nps,7/7/2023 18:48,dmarcum@nps.gov_nps,970,,,,,,,3,1,1,,,1,49.3,,,,
68,6644635c-679e-484b-859d-dfdc3e4618c1,1,ACENEG,,,2e823f0a-2b6b-4537-9055-8417783c156d,7/7/2023 18:48,dmarcum@nps.gov_nps,7/7/2023 18:48,dmarcum@nps.gov_nps,970,,,,,1,2,,,,,,,,,,,
69,05d76a90-c695-4bbc-8c23-b71f089ea201,1,PLAOCC,,,2e823f0a-2b6b-4537-9055-8417783c156d,7/7/2023 18:48,dmarcum@nps.gov_nps,7/7/2023 18:48,dmarcum@nps.gov_nps,970,,,,,,,1,,,,,,,,,,
70,8a61cbd6-abfd-4137-b4c4-6daf3af0f543,1,FRAPEN,,,2e823f0a-2b6b-4537-9055-8417783c156d,7/7/2023 18:48,dmarcum@nps.gov_nps,7/7/2023 18:48,dmarcum@nps.gov_nps,970,,1,,,,,,,,,,,,,,,
71,02d14ebb-280e-438e-b75a-33127f7d8184,2,ROSMUL,,,2e823f0a-2b6b-4537-9055-8417783c156d,7/7/2023 18:48,dmarcum@nps.gov_nps,7/7/2023 18:48,dmarcum@nps.gov_nps,970,,1,,,,,,,,,,,,,,,
72,80837002-0d50-4a54-a787-8c4014ab9b02,2,ACENEG,,,2e823f0a-2b6b-4537-9055-8417783c156d,7/7/2023 18:48,dmarcum@nps.gov_nps,7/7/2023 18:48,dmarcum@nps.gov_nps,970,,2,1,,2,1,,,,,,,,,,,
73,2bb77364-9b44-442d-a803-cd977a74a6c5,2,PLAOCC,,,2e823f0a-2b6b-4537-9055-8417783c156d,7/7/2023 18:48,dmarcum@nps.gov_nps,7/7/2023 18:48,dmarcum@nps.gov_nps,970,,,,,,,,,,1,,,,,,,
74,fd1df086-2cdf-4141-9521-a1277eaf998c,2,POPDEL,,,2e823f0a-2b6b-4537-9055-8417783c156d,7/7/2023 18:48,dmarcum@nps.gov_nps,7/7/2023 18:48,dmarcum@nps.gov_nps,970,,,,,,,,,,,,3,58.3,41.1,47,,
75,6959d4c2-239a-4951-9a5e-e3ac5f337060,2,ACESAC,,,2e823f0a-2b6b-4537-9055-8417783c156d,7/7/2023 18:48,dmarcum@nps.gov_nps,7/7/2023 18:48,dmarcum@nps.gov_nps,970,,,,,,,1,,,,1,,,,,,
76,190b4337-4be1-4349-8769-fedeceec16dc,3,FRAPEN,,,2e823f0a-2b6b-4537-9055-8417783c156d,7/7/2023 18:48,dmarcum@nps.gov_nps,7/7/2023 18:48,dmarcum@nps.gov_nps,970,,1,,,,,,,,,,,,,,,
77,aba9fa99-9671-427f-b37b-04f5174c09c5,3,ACESAC,,,2e823f0a-2b6b-4537-9055-8417783c156d,7/7/2023 18:48,dmarcum@nps.gov_nps,7/7/2023 18:48,dmarcum@nps.gov_nps,970,,,,,,,1,1,2,,,,,,,,
78,ca95374f-2b53-4dd9-8664-cb49110e7149,3,POPDEL,,,2e823f0a-2b6b-4537-9055-8417783c156d,7/7/2023 18:48,dmarcum@nps.gov_nps,7/7/2023 18:48,dmarcum@nps.gov_nps,970,,,,,,,,,,,,2,54.8,46,,,
79,495c6f78-4313-4b2c-80d5-df9b7cbe871e,3,ACENEG,,,2e823f0a-2b6b-4537-9055-8417783c156d,7/7/2023 18:48,dmarcum@nps.gov_nps,7/7/2023 18:48,dmarcum@nps.gov_nps,970,,,,,2,,,,,,,,,,,,
80,ad1c3263-112b-4f6e-ac99-572dbe93c85c,3,ROSMUL,,,2e823f0a-2b6b-4537-9055-8417783c156d,7/7/2023 18:48,dmarcum@nps.gov_nps,7/7/2023 18:48,dmarcum@nps.gov_nps,970,3,3,,,,,,,,,,,,,,,
81,12627879-7747-4026-91c0-8d2e4a489037,4,ROSSET,,,2e823f0a-2b6b-4537-9055-8417783c156d,7/7/2023 18:48,dmarcum@nps.gov_nps,7/7/2023 18:48,dmarcum@nps.gov_nps,970,1,,,,,,,,,,,,,,,,
82,c9fdaafc-e768-4369-9290-c8892f15ebe3,4,ROSMUL,,,2e823f0a-2b6b-4537-9055-8417783c156d,7/7/2023 18:48,dmarcum@nps.gov_nps,7/7/2023 18:48,dmarcum@nps.gov_nps,970,3,1,,,,,,,,,,,,,,,
83,e5ee778d-c237-4db3-b6a7-7c1f4e171a3e,4,STNDEAD,,,2e823f0a-2b6b-4537-9055-8417783c156d,7/7/2023 18:48,dmarcum@nps.gov_nps,7/7/2023 18:48,dmarcum@nps.gov_nps,970,,,,1,,,,,,,,,,,,,
84,e6307471-87b3-4f18-b8f2-8e281fcc522c,4,FRAPEN,,,2e823f0a-2b6b-4537-9055-8417783c156d,7/7/2023 18:48,dmarcum@nps.gov_nps,7/7/2023 18:48,dmarcum@nps.gov_nps,970,,,,,,1,,,,,,,,,,,
85,f2a9e927-acc1-4b0b-aa96-e51887efe86f,4,ACENEG,,,2e823f0a-2b6b-4537-9055-8417783c156d,7/7/2023 18:48,dmarcum@nps.gov_nps,7/7/2023 18:48,dmarcum@nps.gov_nps,970,1,,,1,,1,,,,,,,,,,,
86,d375958a-e5dc-4f81-a503-50ec20d680b9,4,POPDEL,,,2e823f0a-2b6b-4537-9055-8417783c156d,7/7/2023 18:48,dmarcum@nps.gov_nps,7/7/2023 18:48,dmarcum@nps.gov_nps,970,,,,,,,,,,,,1,54.4,,,,
87,44248f05-1239-4b5c-9baa-d25bf8e8e5db,4,ACESAC,,,2e823f0a-2b6b-4537-9055-8417783c156d,7/7/2023 18:48,dmarcum@nps.gov_nps,7/7/2023 18:48,dmarcum@nps.gov_nps,970,,,,,,,3,1,,1,,,,,,,
88,5d271f9e-6c1b-428d-bdaf-f611f0f1b447,5,POPDEL,,,2e823f0a-2b6b-4537-9055-8417783c156d,7/7/2023 18:48,dmarcum@nps.gov_nps,7/7/2023 18:48,dmarcum@nps.gov_nps,970,,,,,,,,,,1,,3,45.1,47.5,42.3,,
89,1a85baaf-b662-44a1-ad3e-258c0c7def2e,5,STNDEAD,,,2e823f0a-2b6b-4537-9055-8417783c156d,7/7/2023 18:48,dmarcum@nps.gov_nps,7/7/2023 18:48,dmarcum@nps.gov_nps,970,,,,,2,,,,,,,,,,,,
90,c47a76ce-3d7a-48b0-8a98-ae3f0bdfe441,5,ACESAC,,,2e823f0a-2b6b-4537-9055-8417783c156d,7/7/2023 18:48,dmarcum@nps.gov_nps,7/7/2023 18:48,dmarcum@nps.gov_nps,970,,,,,,2,,1,1,,,,,,,,
91,73891801-60da-4d81-b346-e3104fba8012,5,TOXRAD,,,2e823f0a-2b6b-4537-9055-8417783c156d,7/7/2023 18:48,dmarcum@nps.gov_nps,7/7/2023 18:48,dmarcum@nps.gov_nps,970,,1,,,,,,,,,,,,,,,
92,2dfd40b3-81f3-4f31-847f-de370252fca8,5,PLAOCC,,,2e823f0a-2b6b-4537-9055-8417783c156d,7/7/2023 18:48,dmarcum@nps.gov_nps,7/7/2023 18:48,dmarcum@nps.gov_nps,970,,,,,,,,1,,,,,,,,,
93,fa280e29-b720-4cec-8bd8-211351807886,5,ACEFRE,,,2e823f0a-2b6b-4537-9055-8417783c156d,7/7/2023 18:48,dmarcum@nps.gov_nps,7/7/2023 18:48,dmarcum@nps.gov_nps,970,,,,,1,,,,,,,,,,,,
94,25517f04-0bfc-4fc9-ba34-cddcbb62bf90,5,FRAPEN,,,2e823f0a-2b6b-4537-9055-8417783c156d,7/7/2023 18:48,dmarcum@nps.gov_nps,7/7/2023 18:48,dmarcum@nps.gov_nps,970,,1,,,,,,,,,,,,,,,
95,f86c17dd-20e0-4ef0-ba29-6e3d280282cf,6,POPDEL,,,2e823f0a-2b6b-4537-9055-8417783c156d,7/7/2023 18:48,dmarcum@nps.gov_nps,7/7/2023 18:48,dmarcum@nps.gov_nps,970,,,,,,,,,,,1,1,42.3,,,,
96,9d45ccc8-3c5d-4a80-845f-8adac5f04a20,6,ACESAC,,,2e823f0a-2b6b-4537-9055-8417783c156d,7/7/2023 18:48,dmarcum@nps.gov_nps,7/7/2023 18:48,dmarcum@nps.gov_nps,970,,,,,1,,1,,,1,,,,,,,
97,ed01efe6-58ae-44f4-a353-d17f97e9e39e,6,STNDEAD,,,2e823f0a-2b6b-4537-9055-8417783c156d,7/7/2023 18:48,dmarcum@nps.gov_nps,7/7/2023 18:48,dmarcum@nps.gov_nps,970,,,,,,,,,1,,,,,,,,
98,7f58e67e-2cce-4995-ba02-67039872033e,6,ACENEG,,,2e823f0a-2b6b-4537-9055-8417783c156d,7/7/2023 18:48,dmarcum@nps.gov_nps,7/7/2023 18:48,dmarcum@nps.gov_nps,970,1,,,,,1,,,,,,,,,,,
99,771fe81a-9cea-49fb-a935-bc9508761e2d,6,VIBDEN,,,2e823f0a-2b6b-4537-9055-8417783c156d,7/7/2023 18:48,dmarcum@nps.gov_nps,7/7/2023 18:48,dmarcum@nps.gov_nps,970,,1,,,,,,,,,,,,,,,
100,d16dc4f5-1be0-4324-b0a7-986e2c17436f,6,FRAPEN,,,2e823f0a-2b6b-4537-9055-8417783c156d,7/7/2023 18:48,dmarcum@nps.gov_nps,7/7/2023 18:48,dmarcum@nps.gov_nps,970,,1,,,,,,,,,,,,,,,
101,2cd42fde-8a4a-474d-87d5-7a8dcc35c79c,7,POPDEL,,,2e823f0a-2b6b-4537-9055-8417783c156d,7/7/2023 18:48,dmarcum@nps.gov_nps,7/7/2023 18:48,dmarcum@nps.gov_nps,970,,,,,,,,,,,,2,41.6,49.3,,,
102,74554ef7-7388-4b47-a38d-3e3e8c0ef86c,7,ACESAC,,,2e823f0a-2b6b-4537-9055-8417783c156d,7/7/2023 18:48,dmarcum@nps.gov_nps,7/7/2023 18:48,dmarcum@nps.gov_nps,970,,,,,2,111,,1,,,1,,,,,,
103,76872cfc-debe-4219-a5aa-6d43bd3ebe7f,7,ROSMUL,,,2e823f0a-2b6b-4537-9055-8417783c156d,7/7/2023 18:48,dmarcum@nps.gov_nps,7/7/2023 18:48,dmarcum@nps.gov_nps,970,1,,,,,,,,,,,,,,,,
104,ec7e5183-cc28-4588-8cb5-ee5ba032739c,8,ROSMUL,,,2e823f0a-2b6b-4537-9055-8417783c156d,7/7/2023 18:48,dmarcum@nps.gov_nps,7/7/2023 18:48,dmarcum@nps.gov_nps,970,1,1,,,,,,,,,,,,,,,
105,8a75e5b8-d0b3-4c38-8d56-d85667f60def,8,ACESAC,,,2e823f0a-2b6b-4537-9055-8417783c156d,7/7/2023 18:48,dmarcum@nps.gov_nps,7/7/2023 18:48,dmarcum@nps.gov_nps,970,,,,,,1,1,,,,,1,42.2,,,,
106,3b71e766-6447-4dc6-85ac-e66c73f03c9f,8,ACENEG,,,2e823f0a-2b6b-4537-9055-8417783c156d,7/7/2023 18:48,dmarcum@nps.gov_nps,7/7/2023 18:48,dmarcum@nps.gov_nps,970,1,,,,2,2,,,,,,,,,,,
107,a9ee150f-14d6-4d24-bccd-8c7914eb18b0,8,FRAPEN,,,2e823f0a-2b6b-4537-9055-8417783c156d,7/7/2023 18:48,dmarcum@nps.gov_nps,7/7/2023 18:48,dmarcum@nps.gov_nps,970,,5,,,,,,,,,,,,,,,
108,fe8a6acd-bdc5-44e2-86a1-61376cf5b19a,9,FRAPEN,,,2e823f0a-2b6b-4537-9055-8417783c156d,7/7/2023 18:48,dmarcum@nps.gov_nps,7/7/2023 18:48,dmarcum@nps.gov_nps,970,,2,,,,,,,,,,,,,,,
109,419d88a4-db9e-4174-a2ff-87565c9477b2,9,STNDEAD,,,2e823f0a-2b6b-4537-9055-8417783c156d,7/7/2023 18:48,dmarcum@nps.gov_nps,7/7/2023 18:48,dmarcum@nps.gov_nps,970,,,,,,2,,,,,,,,,,,
110,b0b29e95-a256-4acd-a68b-6fec8b2eaaee,9,ACESAC,,,2e823f0a-2b6b-4537-9055-8417783c156d,7/7/2023 18:48,dmarcum@nps.gov_nps,7/7/2023 18:48,dmarcum@nps.gov_nps,970,,,,,,,,1,1,,,,,,,,
111,450d2996-9256-4d75-989e-f03d4aceaefb,9,POPDEL,,,2e823f0a-2b6b-4537-9055-8417783c156d,7/7/2023 18:48,dmarcum@nps.gov_nps,7/7/2023 18:48,dmarcum@nps.gov_nps,970,,,,,,,,,,,,1,74.9,,,,
112,2f94092d-c6c4-445b-afd8-e134121d81a3,9,ROSMUL,,,2e823f0a-2b6b-4537-9055-8417783c156d,7/7/2023 18:48,dmarcum@nps.gov_nps,7/7/2023 18:48,dmarcum@nps.gov_nps,970,4,,,,,,,,,,,,,,,,
113,02131d9d-d29e-40f1-aefb-fa88fcde8de7,9,ACENEG,,,2e823f0a-2b6b-4537-9055-8417783c156d,7/7/2023 18:48,dmarcum@nps.gov_nps,7/7/2023 18:48,dmarcum@nps.gov_nps,970,,,,,2,,,,,,,,,,,,
114,89c164df-8c63-4117-9f89-5a42b8315e92,10,ACESAC,,,2e823f0a-2b6b-4537-9055-8417783c156d,7/7/2023 18:48,dmarcum@nps.gov_nps,7/7/2023 18:48,dmarcum@nps.gov_nps,970,,,,,1,1,,1,,,2,,,,,,
115,94ad9f1c-c316-4c80-9e9c-635520cad128,10,POPDEL,,,2e823f0a-2b6b-4537-9055-8417783c156d,7/7/2023 18:48,dmarcum@nps.gov_nps,7/7/2023 18:48,dmarcum@nps.gov_nps,970,,,,,,,,,,,,1,49.8,,,,
116,a091ba7d-e82c-46aa-8eee-18500d5d2669,1,ACEFRE,,,127ffef5-515d-4bfb-8abf-cb8baf6a9060,7/10/2023 21:15,dmarcum@nps.gov_nps,7/10/2023 21:15,dmarcum@nps.gov_nps,970PV,,,,,1,1,,,,,,,,,,,
117,16f9c8ce-4a88-44e8-9f5d-c87bc2805be2,1,ACESAC,,,127ffef5-515d-4bfb-8abf-cb8baf6a9060,7/10/2023 21:15,dmarcum@nps.gov_nps,7/10/2023 21:15,dmarcum@nps.gov_nps,970PV,,,,,5,1,1,1,,,,,,,,,
118,b424cadb-ea2d-438c-9155-00f40ed05b01,1,POPDEL,,,127ffef5-515d-4bfb-8abf-cb8baf6a9060,7/10/2023 21:15,dmarcum@nps.gov_nps,7/10/2023 21:15,dmarcum@nps.gov_nps,970PV,,,,,,,,,1,1,2,,,,,,
119,7c68ffdd-89ce-44fc-9ee3-079b0e87b6c0,2,ACEFRE,,,127ffef5-515d-4bfb-8abf-cb8baf6a9060,7/10/2023 21:15,dmarcum@nps.gov_nps,7/10/2023 21:15,dmarcum@nps.gov_nps,970PV,,,,,,2,,,,,,,,,,,
120,cc33f154-aa83-4ad5-88aa-bdb524e1f9d9,2,POPDEL,,,127ffef5-515d-4bfb-8abf-cb8baf6a9060,7/10/2023 21:15,dmarcum@nps.gov_nps,7/10/2023 21:15,dmarcum@nps.gov_nps,970PV,,,,,,,,1,,1,1,,,,,,
121,b3305d7b-e95e-4c88-a574-d16259cdee8b,2,ACESAC,,,127ffef5-515d-4bfb-8abf-cb8baf6a9060,7/10/2023 21:15,dmarcum@nps.gov_nps,7/10/2023 21:15,dmarcum@nps.gov_nps,970PV,,,,1,2,,1,,,,,,,,,,
122,7b0ed98d-f898-4e1b-9b18-d68dd4c3ed25,2,STNDEAD,,,127ffef5-515d-4bfb-8abf-cb8baf6a9060,7/10/2023 21:15,dmarcum@nps.gov_nps,7/10/2023 21:15,dmarcum@nps.gov_nps,970PV,,,,,2,1,,,,,,,,,,,
123,4aec541c-a0c3-43b5-ad66-adaef596f1ca,3,SLXALB,,,127ffef5-515d-4bfb-8abf-cb8baf6a9060,7/10/2023 21:15,dmarcum@nps.gov_nps,7/10/2023 21:15,dmarcum@nps.gov_nps,970PV,,,,,,,,,,,,1,78.4,,,,
124,90799ba3-fd00-4d06-84a8-46eb251aa57a,3,ACEFRE,,,127ffef5-515d-4bfb-8abf-cb8baf6a9060,7/10/2023 21:15,dmarcum@nps.gov_nps,7/10/2023 21:15,dmarcum@nps.gov_nps,970PV,,,,1,4,,,,,,,,,,,,
125,0af84122-d381-44eb-9ccb-b34218a48a35,3,POPDEL,,,127ffef5-515d-4bfb-8abf-cb8baf6a9060,7/10/2023 21:15,dmarcum@nps.gov_nps,7/10/2023 21:15,dmarcum@nps.gov_nps,970PV,,,,,,,,,,1,1,,,,,,
126,b55f766c-a9be-400d-bfdf-00dafaddd484,3,ACESAC,,,127ffef5-515d-4bfb-8abf-cb8baf6a9060,7/10/2023 21:15,dmarcum@nps.gov_nps,7/10/2023 21:15,dmarcum@nps.gov_nps,970PV,,,,2,2,4,2,,,,,,,,,,
127,406fae72-78c0-4e20-a567-bccaf585303c,4,POPDEL,,,127ffef5-515d-4bfb-8abf-cb8baf6a9060,7/10/2023 21:15,dmarcum@nps.gov_nps,7/10/2023 21:15,dmarcum@nps.gov_nps,970PV,,,,,,,,,,,1,,,,,,
128,3ed8b1eb-3456-48a1-a73b-3f87f1f644cb,4,ACESAC,,,127ffef5-515d-4bfb-8abf-cb8baf6a9060,7/10/2023 21:15,dmarcum@nps.gov_nps,7/10/2023 21:15,dmarcum@nps.gov_nps,970PV,,,,1,1,2,2,,,,,,,,,,
129,5d74de37-72c3-4c0b-9cc9-7e5c0b983a4f,4,STNDEAD,,,127ffef5-515d-4bfb-8abf-cb8baf6a9060,7/10/2023 21:15,dmarcum@nps.gov_nps,7/10/2023 21:15,dmarcum@nps.gov_nps,970PV,,,,2,,,,,,,,,,,,,
130,c7492dd7-65f7-4b2d-a30b-562beaeeb2d2,5,ACESAC,,,127ffef5-515d-4bfb-8abf-cb8baf6a9060,7/10/2023 21:15,dmarcum@nps.gov_nps,7/10/2023 21:15,dmarcum@nps.gov_nps,970PV,,,,,,,,1,,,,2,52.3,50.9,,,
131,8719b62a-e2b9-494b-8bdc-3f96afa084c3,6,ACESAC,,,127ffef5-515d-4bfb-8abf-cb8baf6a9060,7/10/2023 21:15,dmarcum@nps.gov_nps,7/10/2023 21:15,dmarcum@nps.gov_nps,970PV,,,,,,1,1,4,1,1,,,,,,,
132,1c15bba5-7afd-470d-8b9e-46e03ec8a3be,6,POPDEL,,,127ffef5-515d-4bfb-8abf-cb8baf6a9060,7/10/2023 21:15,dmarcum@nps.gov_nps,7/10/2023 21:15,dmarcum@nps.gov_nps,970PV,,,,,,,,,,,,1,81.7,,,,
133,0d79db29-ec93-4617-a17f-64eb1e26bd6c,6,ROSMUL,,,127ffef5-515d-4bfb-8abf-cb8baf6a9060,7/10/2023 21:15,dmarcum@nps.gov_nps,7/10/2023 21:15,dmarcum@nps.gov_nps,970PV,3,1,,,,,,,,,,,,,,,
134,2b1d4509-8aa9-4ac5-8d0d-fae0f44e5632,7,ACESAC,,,127ffef5-515d-4bfb-8abf-cb8baf6a9060,7/10/2023 21:15,dmarcum@nps.gov_nps,7/10/2023 21:15,dmarcum@nps.gov_nps,970PV,,,,,,,,,1,1,,1,57.8,,,,
135,a5511616-bdd0-4412-99db-340888c6794d,7,STNDEAD,,,127ffef5-515d-4bfb-8abf-cb8baf6a9060,7/10/2023 21:15,dmarcum@nps.gov_nps,7/10/2023 21:15,dmarcum@nps.gov_nps,970PV,,,,,,,,1,1,,,,,,,,
136,4e73a420-811a-40e7-83fe-9d1622229000,7,LIGVUL,,,127ffef5-515d-4bfb-8abf-cb8baf6a9060,7/10/2023 21:15,dmarcum@nps.gov_nps,7/10/2023 21:15,dmarcum@nps.gov_nps,970PV,,1,,,,,,,,,,,,,,,
137,732816f5-83f7-4400-b1af-4e99f5f03a46,7,FRAPEN,,,127ffef5-515d-4bfb-8abf-cb8baf6a9060,7/10/2023 21:15,dmarcum@nps.gov_nps,7/10/2023 21:15,dmarcum@nps.gov_nps,970PV,,1,,,,,,,,,,,,,,,
138,b798b9f8-99bb-4240-921e-bf387ae48f7d,7,ULMAME,,,127ffef5-515d-4bfb-8abf-cb8baf6a9060,7/10/2023 21:15,dmarcum@nps.gov_nps,7/10/2023 21:15,dmarcum@nps.gov_nps,970PV,,1,,,,,,,,,,,,,,,
139,d50d5dd8-8b1e-4af0-b15d-2b7b43fdf41c,8,ACEFRE,,,127ffef5-515d-4bfb-8abf-cb8baf6a9060,7/10/2023 21:15,dmarcum@nps.gov_nps,7/10/2023 21:15,dmarcum@nps.gov_nps,970PV,,,,1,4,,,,,,,,,,,,
140,b4fc169b-87d1-4098-95a1-c737df17b7c1,8,ACESAC,,,127ffef5-515d-4bfb-8abf-cb8baf6a9060,7/10/2023 21:15,dmarcum@nps.gov_nps,7/10/2023 21:15,dmarcum@nps.gov_nps,970PV,,,,2,3,,,,,,,,,,,,
141,5841af2e-6d8e-470f-9064-983ce0f6fa32,8,POPDEL,,,127ffef5-515d-4bfb-8abf-cb8baf6a9060,7/10/2023 21:15,dmarcum@nps.gov_nps,7/10/2023 21:15,dmarcum@nps.gov_nps,970PV,,,,,,,,,,,,1,,,,,
142,90826e63-28b1-4bb6-b21b-af0f9fad2317,9,ACEFRE,,,127ffef5-515d-4bfb-8abf-cb8baf6a9060,7/10/2023 21:15,dmarcum@nps.gov_nps,7/10/2023 21:15,dmarcum@nps.gov_nps,970PV,,,,,5,2,,,,,,,,,,,
143,fee762d3-c15f-44c5-aa95-5fb528330dd6,9,ACESAC,,,127ffef5-515d-4bfb-8abf-cb8baf6a9060,7/10/2023 21:15,dmarcum@nps.gov_nps,7/10/2023 21:15,dmarcum@nps.gov_nps,970PV,,,,2,4,,1,1,,,,,,,,,
144,5089a5ee-d7b4-45c9-b536-562cfc6885ef,9,POPDEL,,,127ffef5-515d-4bfb-8abf-cb8baf6a9060,7/10/2023 21:15,dmarcum@nps.gov_nps,7/10/2023 21:15,dmarcum@nps.gov_nps,970PV,,,,,,,,,,1,,,,,,,
145,ca694e80-ae24-4c8e-8d05-85c05cbb114e,9,STNDEAD,,,127ffef5-515d-4bfb-8abf-cb8baf6a9060,7/10/2023 21:15,dmarcum@nps.gov_nps,7/10/2023 21:15,dmarcum@nps.gov_nps,970PV,,,,,4,,,,,,,,,,,,
146,81d53e63-4bef-4cb2-8b16-f6dcb7e79e9b,10,ACEFRE,,,127ffef5-515d-4bfb-8abf-cb8baf6a9060,7/10/2023 21:15,dmarcum@nps.gov_nps,7/10/2023 21:15,dmarcum@nps.gov_nps,970PV,,,,,2,2,1,1,,,,,,,,,
147,0329101c-3d0b-433a-9e1a-6dd20a39ec98,10,POPDEL,,,127ffef5-515d-4bfb-8abf-cb8baf6a9060,7/10/2023 21:15,dmarcum@nps.gov_nps,7/10/2023 21:15,dmarcum@nps.gov_nps,970PV,,,,,,,,,2,,1,,,,,,
148,4396399d-0cae-48fd-96ee-c1c32e1db894,10,STNDEAD,,,127ffef5-515d-4bfb-8abf-cb8baf6a9060,7/10/2023 21:15,dmarcum@nps.gov_nps,7/10/2023 21:15,dmarcum@nps.gov_nps,970PV,,,,,1,,,,,,,,,,,,
149,6068a814-fdb1-46a9-bc57-07ae3217c5ab,1,FRAPEN,,,e8ba1f07-7f1a-4175-abec-ee43d636f857,7/11/2023 18:10,dmarcum@nps.gov_nps,7/11/2023 18:10,dmarcum@nps.gov_nps,242VK1,,,1,,,,,,,,,,,,,,
150,bea1b783-500e-4b94-ad52-8443fe6a13f6,1,COROBL,,,e8ba1f07-7f1a-4175-abec-ee43d636f857,7/11/2023 18:10,dmarcum@nps.gov_nps,7/11/2023 18:10,dmarcum@nps.gov_nps,242VK1,3,20,5,,,,,,,,,,,,,,
151,8fe7f999-55c7-4d30-9388-6c25e0895a22,1,ROSMUL,,,e8ba1f07-7f1a-4175-abec-ee43d636f857,7/11/2023 18:10,dmarcum@nps.gov_nps,7/11/2023 18:10,dmarcum@nps.gov_nps,242VK1,4,1,,,,,,,,,,,,,,,
152,7e4943f4-abea-4df7-ab52-136ffa7cc91e,1,VIBREC,,,e8ba1f07-7f1a-4175-abec-ee43d636f857,7/11/2023 18:10,dmarcum@nps.gov_nps,7/11/2023 18:10,dmarcum@nps.gov_nps,242VK1,,5,3,,,,,,,,,,,,,,
153,c595646a-bd5d-46e6-a39a-3af2395a36e6,1,VIBDEN,,,e8ba1f07-7f1a-4175-abec-ee43d636f857,7/11/2023 18:10,dmarcum@nps.gov_nps,7/11/2023 18:10,dmarcum@nps.gov_nps,242VK1,,1,8,,,,,,,,,,,,,,
154,11495835-e762-42ed-84c3-738413f69bcd,1,MALBAC,,,e8ba1f07-7f1a-4175-abec-ee43d636f857,7/11/2023 18:10,dmarcum@nps.gov_nps,7/11/2023 18:10,dmarcum@nps.gov_nps,242VK1,,2,4,,,,,,,,,,,,,,
155,60fa25ff-9379-4fbb-9510-0255c2facf8e,1,LINBEN,,,e8ba1f07-7f1a-4175-abec-ee43d636f857,7/11/2023 18:10,dmarcum@nps.gov_nps,7/11/2023 18:10,dmarcum@nps.gov_nps,242VK1,1,,,,,,,,,,,,,,,,
156,4b74ca30-06a2-4744-b2bb-35751e6931bf,1,STNDEAD,,,e8ba1f07-7f1a-4175-abec-ee43d636f857,7/11/2023 18:10,dmarcum@nps.gov_nps,7/11/2023 18:10,dmarcum@nps.gov_nps,242VK1,1,,3,2,,,,,,,,,,,,,
157,3ad9014b-f530-4777-8fd6-720cd4b6f1e7,2,SLXDIS,,,e8ba1f07-7f1a-4175-abec-ee43d636f857,7/11/2023 18:10,dmarcum@nps.gov_nps,7/11/2023 18:10,dmarcum@nps.gov_nps,242VK1,3,,16,3,,,,,,,,,,,,,
158,0a1ec801-78f4-4e45-8db7-9f38bb3cdd8b,2,STNDEAD,,,e8ba1f07-7f1a-4175-abec-ee43d636f857,7/11/2023 18:10,dmarcum@nps.gov_nps,7/11/2023 18:10,dmarcum@nps.gov_nps,242VK1,1,1,2,,,,,,,,,,,,,,
159,f5bd06cf-cd3d-4414-93ae-34af690415c6,2,VIBREC,,,e8ba1f07-7f1a-4175-abec-ee43d636f857,7/11/2023 18:10,dmarcum@nps.gov_nps,7/11/2023 18:10,dmarcum@nps.gov_nps,242VK1,5,9,,,,,,,,,,,,,,,
160,aac59cd3-ef09-451b-81b8-d98b4fab9e5d,2,COROBL,,,e8ba1f07-7f1a-4175-abec-ee43d636f857,7/11/2023 18:10,dmarcum@nps.gov_nps,7/11/2023 18:10,dmarcum@nps.gov_nps,242VK1,,9,2,,,,,,,,,,,,,,
161,f9e92351-a992-4e4a-8aba-c5d673a63dc1,2,VIBDEN,,,e8ba1f07-7f1a-4175-abec-ee43d636f857,7/11/2023 18:10,dmarcum@nps.gov_nps,7/11/2023 18:10,dmarcum@nps.gov_nps,242VK1,3,2,1,,,,,,,,,,,,,,
162,f5a351f4-aa81-4a5b-84c4-7227f74b1348,2,MALBAC,,,e8ba1f07-7f1a-4175-abec-ee43d636f857,7/11/2023 18:10,dmarcum@nps.gov_nps,7/11/2023 18:10,dmarcum@nps.gov_nps,242VK1,,2,1,,,,,,,,,,,,,,
163,7ef604fc-5c34-412c-a8f0-2fdcfe9ad64a,3,COROBL,,,e8ba1f07-7f1a-4175-abec-ee43d636f857,7/11/2023 18:10,dmarcum@nps.gov_nps,7/11/2023 18:10,dmarcum@nps.gov_nps,242VK1,1,30,1,,,,,,,,,,,,,,
164,52f54f01-8d75-4925-b71e-5e5d16a0b833,3,VITRIP,,,e8ba1f07-7f1a-4175-abec-ee43d636f857,7/11/2023 18:10,dmarcum@nps.gov_nps,7/11/2023 18:10,dmarcum@nps.gov_nps,242VK1,,2,,,,,,,,,,,,,,,
165,845af8a2-5d70-4500-abeb-8a356d82786c,4,COROBL,,,e8ba1f07-7f1a-4175-abec-ee43d636f857,7/11/2023 18:10,dmarcum@nps.gov_nps,7/11/2023 18:10,dmarcum@nps.gov_nps,242VK1,,3,,,,,,,,,,,,,,,
166,0121ba50-e14a-42c5-af28-28e51416865e,6,PLAOCC,,,e792693c-87c3-4ebe-88b6-f33a8c0951ec,7/13/2023 19:06,dmarcum@nps.gov_nps,7/13/2023 19:06,dmarcum@nps.gov_nps,242VK2,1,8,12,5,5,,,,,,,,,,,,
167,d27f442e-ab3c-4936-ba22-ac7d0b31e8df,6,CRAPUN,,,e792693c-87c3-4ebe-88b6-f33a8c0951ec,7/13/2023 19:06,dmarcum@nps.gov_nps,7/13/2023 19:06,dmarcum@nps.gov_nps,242VK2,2,,,1,2,,,,,,,,,,,,
168,b382c6a8-c29b-45c3-992d-8e7539e69679,6,PARQUI,,,e792693c-87c3-4ebe-88b6-f33a8c0951ec,7/13/2023 19:06,dmarcum@nps.gov_nps,7/13/2023 19:06,dmarcum@nps.gov_nps,242VK2,,2,,,,,,,,,,,,,,,
169,86d4d0b5-4d00-4594-9c98-7bd2821c7d54,6,LINBEN,,,e792693c-87c3-4ebe-88b6-f33a8c0951ec,7/13/2023 19:06,dmarcum@nps.gov_nps,7/13/2023 19:06,dmarcum@nps.gov_nps,242VK2,3,2,2,,,,,,,,,,,,,,
170,16802551-6b6b-438d-bf86-f47ccbf1b301,6,STNDEAD,,,e792693c-87c3-4ebe-88b6-f33a8c0951ec,7/13/2023 19:06,dmarcum@nps.gov_nps,7/13/2023 19:06,dmarcum@nps.gov_nps,242VK2,,,3,,,1,,,,,1,,,,,,
171,a6c4de48-047e-4582-ba79-ffa54cb69a05,6,SLXALB,,,e792693c-87c3-4ebe-88b6-f33a8c0951ec,7/13/2023 19:06,dmarcum@nps.gov_nps,7/13/2023 19:06,dmarcum@nps.gov_nps,242VK2,3,2,,,,,,,,,,,,,,,
172,e8d5cd11-eda9-4cd5-b758-ffe72f2cdaaa,6,CELORB,,,e792693c-87c3-4ebe-88b6-f33a8c0951ec,7/13/2023 19:06,dmarcum@nps.gov_nps,7/13/2023 19:06,dmarcum@nps.gov_nps,242VK2,,3,,,,,,,,,,,,,,,
173,5c729397-7739-460f-ab16-91f9d5da9d7b,6,ROSMUL,,,e792693c-87c3-4ebe-88b6-f33a8c0951ec,7/13/2023 19:06,dmarcum@nps.gov_nps,7/13/2023 19:06,dmarcum@nps.gov_nps,242VK2,5,,,,,,,,,,,,,,,,
174,c0e6607c-6827-4caf-8fce-4967c91ca365,6,LONMAA,,,e792693c-87c3-4ebe-88b6-f33a8c0951ec,7/13/2023 19:06,dmarcum@nps.gov_nps,7/13/2023 19:06,dmarcum@nps.gov_nps,242VK2,3,,,,,,,,,,,,,,,,
175,dd2de80f-863b-4f8b-be3f-fe46c977a70a,6,AESGLA,,,e792693c-87c3-4ebe-88b6-f33a8c0951ec,7/13/2023 19:06,dmarcum@nps.gov_nps,7/13/2023 19:06,dmarcum@nps.gov_nps,242VK2,,1,,,,,,,,,,,,,,,
176,7153d4e9-8e55-4b62-9851-a7b8e51946be,1,SLXNIG,,,e792693c-87c3-4ebe-88b6-f33a8c0951ec,7/13/2023 19:06,dmarcum@nps.gov_nps,7/13/2023 19:06,dmarcum@nps.gov_nps,242VK2,2,9,7,7,1,1,,,,,,,,,,,
177,efbefe87-e66a-4776-9756-a5d31b026671,1,STNDEAD,,,e792693c-87c3-4ebe-88b6-f33a8c0951ec,7/13/2023 19:06,dmarcum@nps.gov_nps,7/13/2023 19:06,dmarcum@nps.gov_nps,242VK2,,12,5,1,,,,,,,,,,,,,
178,230e07c2-456c-49f2-a2c7-59a3bbdbabe4,1,FRAPEN,,,e792693c-87c3-4ebe-88b6-f33a8c0951ec,7/13/2023 19:06,dmarcum@nps.gov_nps,7/13/2023 19:06,dmarcum@nps.gov_nps,242VK2,,,1,,,,,,,,,,,,,,
179,e7431b8b-165e-410d-9965-f3e3e5d635f4,1,PLAOCC,,,e792693c-87c3-4ebe-88b6-f33a8c0951ec,7/13/2023 19:06,dmarcum@nps.gov_nps,7/13/2023 19:06,dmarcum@nps.gov_nps,242VK2,,18,15,4,,,,,,,,,,,,,
180,4d12991f-7ae8-4473-b003-cbdc0bc6f939,1,POPDEL,,,e792693c-87c3-4ebe-88b6-f33a8c0951ec,7/13/2023 19:06,dmarcum@nps.gov_nps,7/13/2023 19:06,dmarcum@nps.gov_nps,242VK2,,68,130,8,,,,,,,,,,,,,
181,053125e7-080d-47f3-a3cb-2f5f445e4df3,1,SLXHUM,,,e792693c-87c3-4ebe-88b6-f33a8c0951ec,7/13/2023 19:06,dmarcum@nps.gov_nps,7/13/2023 19:06,dmarcum@nps.gov_nps,242VK2,2,6,,,,,,,,,,,,,,,
182,8e9ff3bd-ad19-4a1c-9f1c-5ac0c1a84453,1,LINBEN,,,e792693c-87c3-4ebe-88b6-f33a8c0951ec,7/13/2023 19:06,dmarcum@nps.gov_nps,7/13/2023 19:06,dmarcum@nps.gov_nps,242VK2,3,,,,,,,,,,,,,,,,
183,eb5ff2c0-f9b7-48a5-825e-3401e24948f8,1,ROSMUL,,,e792693c-87c3-4ebe-88b6-f33a8c0951ec,7/13/2023 19:06,dmarcum@nps.gov_nps,7/13/2023 19:06,dmarcum@nps.gov_nps,242VK2,3,1,1,,,,,,,,,,,,,,
184,f9093515-a552-4039-b177-0064d5c72245,1,PARQUI,,,e792693c-87c3-4ebe-88b6-f33a8c0951ec,7/13/2023 19:06,dmarcum@nps.gov_nps,7/13/2023 19:06,dmarcum@nps.gov_nps,242VK2,,1,,,,,,,,,,,,,,,
185,a604c052-18e7-4d25-b411-881bc1d9a90f,1,SLXEXI,,,e792693c-87c3-4ebe-88b6-f33a8c0951ec,7/13/2023 19:06,dmarcum@nps.gov_nps,7/13/2023 19:06,dmarcum@nps.gov_nps,242VK2,12,41,18,,,,,,,,,,,,,,
186,3d79efac-5690-45ca-959d-da82f2da0862,1,JUGCIN,,,e792693c-87c3-4ebe-88b6-f33a8c0951ec,7/13/2023 19:06,dmarcum@nps.gov_nps,7/13/2023 19:06,dmarcum@nps.gov_nps,242VK2,,1,,,,,,,,,,,,,,,
187,6c2c98db-2f73-434b-b4a6-6df88f34c626,1,ULMAME,,,e792693c-87c3-4ebe-88b6-f33a8c0951ec,7/13/2023 19:06,dmarcum@nps.gov_nps,7/13/2023 19:06,dmarcum@nps.gov_nps,242VK2,,2,,,,,,,,,,,,,,,
188,2007e1c3-4322-4550-bdf3-67e58b21a55b,2,SLXNIG,,,e792693c-87c3-4ebe-88b6-f33a8c0951ec,7/13/2023 19:06,dmarcum@nps.gov_nps,7/13/2023 19:06,dmarcum@nps.gov_nps,242VK2,,,1,2,1,1,,,,,,,,,,,
189,c715a478-95e0-41bb-93f4-5b4639ea1242,2,ROSMUL,,,e792693c-87c3-4ebe-88b6-f33a8c0951ec,7/13/2023 19:06,dmarcum@nps.gov_nps,7/13/2023 19:06,dmarcum@nps.gov_nps,242VK2,10,7,2,,,,,,,,,,,,,,
190,1c6255ba-f7b6-4cb5-8969-2519fdb0f067,2,STNDEAD,,,e792693c-87c3-4ebe-88b6-f33a8c0951ec,7/13/2023 19:06,dmarcum@nps.gov_nps,7/13/2023 19:06,dmarcum@nps.gov_nps,242VK2,2,13,3,,,1,1,3,1,,,,,,,,
191,847ee243-84b7-45b3-9d35-44eafa4ca118,2,FRAPEN,,,e792693c-87c3-4ebe-88b6-f33a8c0951ec,7/13/2023 19:06,dmarcum@nps.gov_nps,7/13/2023 19:06,dmarcum@nps.gov_nps,242VK2,,,1,,,,,,,,,,,,,,
192,5ddb84e0-c8cc-4023-982b-6471dbb9a88b,2,TOXRAD,,,e792693c-87c3-4ebe-88b6-f33a8c0951ec,7/13/2023 19:06,dmarcum@nps.gov_nps,7/13/2023 19:06,dmarcum@nps.gov_nps,242VK2,,3,,,,,,,,,,,,,,,
193,cce5a675-7e48-42b0-a746-b95fc59ce075,2,CATSPE,,,e792693c-87c3-4ebe-88b6-f33a8c0951ec,7/13/2023 19:06,dmarcum@nps.gov_nps,7/13/2023 19:06,dmarcum@nps.gov_nps,242VK2,,,,,,1,,,,,,,,,,,
194,d0c25fb7-47eb-40df-aeaa-009c8d920f47,2,SLXHUM,,,e792693c-87c3-4ebe-88b6-f33a8c0951ec,7/13/2023 19:06,dmarcum@nps.gov_nps,7/13/2023 19:06,dmarcum@nps.gov_nps,242VK2,,2,,,,,,,,,,,,,,,
195,fd236bf4-70c5-4a4e-adf0-40face9d0338,2,ULMAME,,,e792693c-87c3-4ebe-88b6-f33a8c0951ec,7/13/2023 19:06,dmarcum@nps.gov_nps,7/13/2023 19:06,dmarcum@nps.gov_nps,242VK2,,,,,,,,,,,1,,,,,,
196,b0c60b9c-b3db-4519-af12-4bfb8f34f439,2,PLAOCC,,,e792693c-87c3-4ebe-88b6-f33a8c0951ec,7/13/2023 19:06,dmarcum@nps.gov_nps,7/13/2023 19:06,dmarcum@nps.gov_nps,242VK2,,8,4,1,5,,,,,,,,,,,,
197,762fd027-09bd-488d-8a4b-838b01b22859,2,LINBEN,,,e792693c-87c3-4ebe-88b6-f33a8c0951ec,7/13/2023 19:06,dmarcum@nps.gov_nps,7/13/2023 19:06,dmarcum@nps.gov_nps,242VK2,,2,,,,,,,,,,,,,,,
198,fc85d7e6-9a84-4839-bfa2-5b3181ea0d89,2,POPDEL,,,e792693c-87c3-4ebe-88b6-f33a8c0951ec,7/13/2023 19:06,dmarcum@nps.gov_nps,7/13/2023 19:06,dmarcum@nps.gov_nps,242VK2,,110,84,1,,,,,,,,,,,,,
199,6436b2b9-7099-4a5c-aa53-0c8a79186448,3,LINBEN,,,e792693c-87c3-4ebe-88b6-f33a8c0951ec,7/13/2023 19:06,dmarcum@nps.gov_nps,7/13/2023 19:06,dmarcum@nps.gov_nps,242VK2,3,3,1,,,,,,,,,,,,,,
200,528cada3-a247-4298-a28d-df47223302b1,3,ROSMUL,,,e792693c-87c3-4ebe-88b6-f33a8c0951ec,7/13/2023 19:06,dmarcum@nps.gov_nps,7/13/2023 19:06,dmarcum@nps.gov_nps,242VK2,25,7,4,,,,,,,,,,,,,,
201,66b08ee5-9daf-4666-a408-9ca597913f22,3,FRAPEN,,,e792693c-87c3-4ebe-88b6-f33a8c0951ec,7/13/2023 19:06,dmarcum@nps.gov_nps,7/13/2023 19:06,dmarcum@nps.gov_nps,242VK2,,2,1,,,,,,,,,,,,,,
202,e5aea440-2e8b-4437-a74d-731bff93185e,3,PLAOCC,,,e792693c-87c3-4ebe-88b6-f33a8c0951ec,7/13/2023 19:06,dmarcum@nps.gov_nps,7/13/2023 19:06,dmarcum@nps.gov_nps,242VK2,,12,10,1,3,,,,,,,,,,,,
203,23089658-2743-464f-b8db-1a7d83f36ae2,3,LONMAA,,,e792693c-87c3-4ebe-88b6-f33a8c0951ec,7/13/2023 19:06,dmarcum@nps.gov_nps,7/13/2023 19:06,dmarcum@nps.gov_nps,242VK2,,2,,,,,,,,,,,,,,,
204,72dc9786-9b9d-46a7-ae15-e78de2fd8eb2,3,SLXNIG,,,e792693c-87c3-4ebe-88b6-f33a8c0951ec,7/13/2023 19:06,dmarcum@nps.gov_nps,7/13/2023 19:06,dmarcum@nps.gov_nps,242VK2,,,,,,1,,,,,,,,,,,
205,74b96115-e85e-47cd-9eed-96478cdc594e,3,STNDEAD,,,e792693c-87c3-4ebe-88b6-f33a8c0951ec,7/13/2023 19:06,dmarcum@nps.gov_nps,7/13/2023 19:06,dmarcum@nps.gov_nps,242VK2,,1,1,1,,,1,1,,,1,1,67,,,,
206,7bcfc43c-0272-4b31-bdb3-5dbc11eb9fe7,3,SLXDIS,,,e792693c-87c3-4ebe-88b6-f33a8c0951ec,7/13/2023 19:06,dmarcum@nps.gov_nps,7/13/2023 19:06,dmarcum@nps.gov_nps,242VK2,1,,,,,,,,,,,,,,,,
207,a63de84c-a9d4-42c9-b737-c1907e4e0be0,3,ULMAME,,,e792693c-87c3-4ebe-88b6-f33a8c0951ec,7/13/2023 19:06,dmarcum@nps.gov_nps,7/13/2023 19:06,dmarcum@nps.gov_nps,242VK2,,,,,,1,,,,,,,,,,,
208,062bd39b-50b3-4c59-980d-a097cdbe0aaf,3,CORRAC,,,e792693c-87c3-4ebe-88b6-f33a8c0951ec,7/13/2023 19:06,dmarcum@nps.gov_nps,7/13/2023 19:06,dmarcum@nps.gov_nps,242VK2,,2,1,,,,,,,,,,,,,,
209,0159634b-9e91-4334-a51b-9a1c80f58ff9,3,TOXRAD,,,e792693c-87c3-4ebe-88b6-f33a8c0951ec,7/13/2023 19:06,dmarcum@nps.gov_nps,7/13/2023 19:06,dmarcum@nps.gov_nps,242VK2,,3,,,,,,,,,,,,,,,
210,a63b8295-7521-4c66-aa74-d2b02e662417,3,PARQUI,,,e792693c-87c3-4ebe-88b6-f33a8c0951ec,7/13/2023 19:06,dmarcum@nps.gov_nps,7/13/2023 19:06,dmarcum@nps.gov_nps,242VK2,,1,,,,,,,,,,,,,,,
211,43c9d038-575d-46a9-9508-b29f79f2e6e5,3,VITRIP,,,e792693c-87c3-4ebe-88b6-f33a8c0951ec,7/13/2023 19:06,dmarcum@nps.gov_nps,7/13/2023 19:06,dmarcum@nps.gov_nps,242VK2,,4,,,,,,,,,,,,,,,
212,09c11498-b3b0-46e1-bcfe-b56909dcfe0c,4,ROSMUL,,,e792693c-87c3-4ebe-88b6-f33a8c0951ec,7/13/2023 19:06,dmarcum@nps.gov_nps,7/13/2023 19:06,dmarcum@nps.gov_nps,242VK2,17,9,9,,,,,,,,,,,,,,
213,8c28565d-2577-4377-8238-8a749c89a7b9,4,PLAOCC,,,e792693c-87c3-4ebe-88b6-f33a8c0951ec,7/13/2023 19:06,dmarcum@nps.gov_nps,7/13/2023 19:06,dmarcum@nps.gov_nps,242VK2,,4,5,,,,,,,,,,,,,,
214,22d8e297-a089-4e5e-9f63-e43e2a0a13d1,4,LINBEN,,,e792693c-87c3-4ebe-88b6-f33a8c0951ec,7/13/2023 19:06,dmarcum@nps.gov_nps,7/13/2023 19:06,dmarcum@nps.gov_nps,242VK2,5,3,4,,,,,,,,,,,,,,
215,10435b32-9047-4685-af48-f89ea6b6a355,4,AESGLA,,,e792693c-87c3-4ebe-88b6-f33a8c0951ec,7/13/2023 19:06,dmarcum@nps.gov_nps,7/13/2023 19:06,dmarcum@nps.gov_nps,242VK2,1,3,3,6,1,3,,,,,,,,,,,
217,3007701e-04dd-49d2-a23f-39c503357460,4,LONMAA,,,e792693c-87c3-4ebe-88b6-f33a8c0951ec,7/13/2023 19:06,dmarcum@nps.gov_nps,7/13/2023 19:06,dmarcum@nps.gov_nps,242VK2,1,,2,1,,,,,,,,,,,,,
218,e1ae2047-ca5a-4dc8-9c84-7ec57f65e8dd,4,STNDEAD,,,e792693c-87c3-4ebe-88b6-f33a8c0951ec,7/13/2023 19:06,dmarcum@nps.gov_nps,7/13/2023 19:06,dmarcum@nps.gov_nps,242VK2,,,,,,1,1,,,,,,,,,,
219,087864a3-02b9-4093-82b7-c790dc2411af,4,TOXRAD,,,e792693c-87c3-4ebe-88b6-f33a8c0951ec,7/13/2023 19:06,dmarcum@nps.gov_nps,7/13/2023 19:06,dmarcum@nps.gov_nps,242VK2,,1,,,1,,,,,,,,,,,,
220,8eeb90dc-2e78-42ed-b771-f8da22dcc419,4,RUBOCC,,,e792693c-87c3-4ebe-88b6-f33a8c0951ec,7/13/2023 19:06,dmarcum@nps.gov_nps,7/13/2023 19:06,dmarcum@nps.gov_nps,242VK2,,1,,,,,,,,,,,,,,,
221,6309dd68-d552-4dbb-bec7-2a82f4cc1853,4,VITRIP,,,e792693c-87c3-4ebe-88b6-f33a8c0951ec,7/13/2023 19:06,dmarcum@nps.gov_nps,7/13/2023 19:06,dmarcum@nps.gov_nps,242VK2,,5,,,,,,,,,,,,,,,
222,a04cbca8-2f20-4962-8fe6-7116ca0a1b23,4,LONTAT,,,e792693c-87c3-4ebe-88b6-f33a8c0951ec,7/13/2023 19:06,dmarcum@nps.gov_nps,7/13/2023 19:06,dmarcum@nps.gov_nps,242VK2,1,,,,,,,,,,,,,,,,
223,c1c4d4f9-5741-47a3-b588-aa53dcd2b8e8,5,SLXNIG,,,e792693c-87c3-4ebe-88b6-f33a8c0951ec,7/13/2023 19:06,dmarcum@nps.gov_nps,7/13/2023 19:06,dmarcum@nps.gov_nps,242VK2,,,,1,,,,,,,,,,,,,
224,2d4baa51-824d-4824-8ebb-bdff8edd6c83,5,AESGLA,,,e792693c-87c3-4ebe-88b6-f33a8c0951ec,7/13/2023 19:06,dmarcum@nps.gov_nps,7/13/2023 19:06,dmarcum@nps.gov_nps,242VK2,1,1,,3,1,,,,,,,,,,,,
225,24f11ba7-08d4-4daa-a7f5-010ac23c3daf,5,PLAOCC,,,e792693c-87c3-4ebe-88b6-f33a8c0951ec,7/13/2023 19:06,dmarcum@nps.gov_nps,7/13/2023 19:06,dmarcum@nps.gov_nps,242VK2,,3,,1,,,,,,,,,,,,,
226,85880c70-4d25-4c0b-b06e-3695c9b65672,5,,,,e792693c-87c3-4ebe-88b6-f33a8c0951ec,7/13/2023 19:06,dmarcum@nps.gov_nps,7/13/2023 19:06,dmarcum@nps.gov_nps,242VK2,,,,,,1,,,,,,,,,,,
227,d5789112-dc5c-4983-a277-01cd7e9b4aa0,5,ROSMUL,,,e792693c-87c3-4ebe-88b6-f33a8c0951ec,7/13/2023 19:06,dmarcum@nps.gov_nps,7/13/2023 19:06,dmarcum@nps.gov_nps,242VK2,9,4,,,,,,,,,,,,,,,
228,4791e438-2271-4b86-8876-270a0fe6ab94,5,STNDEAD,,,e792693c-87c3-4ebe-88b6-f33a8c0951ec,7/13/2023 19:06,dmarcum@nps.gov_nps,7/13/2023 19:06,dmarcum@nps.gov_nps,242VK2,1,,,1,2,1,1,,1,,1,,,,,,
229,46649476-8635-46f7-8815-70b2e117f821,5,LINBEN,,,e792693c-87c3-4ebe-88b6-f33a8c0951ec,7/13/2023 19:06,dmarcum@nps.gov_nps,7/13/2023 19:06,dmarcum@nps.gov_nps,242VK2,2,,,,,,,,,,,,,,,,
230,990e316f-b7fd-4bc2-9e78-f7a1cb6811c0,5,CELORB,,,e792693c-87c3-4ebe-88b6-f33a8c0951ec,7/13/2023 19:06,dmarcum@nps.gov_nps,7/13/2023 19:06,dmarcum@nps.gov_nps,242VK2,1,2,,,,,,,,,,,,,,,
231,ed6ab12f-b966-4e81-90ea-71b2d0698fcc,5,CRAPUN,,,e792693c-87c3-4ebe-88b6-f33a8c0951ec,7/13/2023 19:06,dmarcum@nps.gov_nps,7/13/2023 19:06,dmarcum@nps.gov_nps,242VK2,,,1,,3,1,,,,,,,,,,,
232,51ed52dc-3417-4c2d-a84c-654fa104796c,5,TOXRAD,,,e792693c-87c3-4ebe-88b6-f33a8c0951ec,7/13/2023 19:06,dmarcum@nps.gov_nps,7/13/2023 19:06,dmarcum@nps.gov_nps,242VK2,,2,,,,,,,,,,,,,,,
233,c395cdca-aa55-47ba-b03c-f5a6ea9456d6,7,PLAOCC,,,e792693c-87c3-4ebe-88b6-f33a8c0951ec,7/13/2023 19:06,dmarcum@nps.gov_nps,7/13/2023 19:06,dmarcum@nps.gov_nps,242VK2,,2,3,5,2,2,,,,,,,,,,,
234,44450a05-b565-4495-856b-3f953f9ef293,7,LIRTUL,,,e792693c-87c3-4ebe-88b6-f33a8c0951ec,7/13/2023 19:06,dmarcum@nps.gov_nps,7/13/2023 19:06,dmarcum@nps.gov_nps,242VK2,,,1,,,,,,,,,,,,,,
235,3a7bf7cb-09ad-4e6c-872c-20d544989905,7,CRAPUN,,,e792693c-87c3-4ebe-88b6-f33a8c0951ec,7/13/2023 19:06,dmarcum@nps.gov_nps,7/13/2023 19:06,dmarcum@nps.gov_nps,242VK2,1,,,3,1,,,,,,,,,,,,
236,6bbf1833-657f-4b1a-8cd1-534e620205d7,7,ROSMUL,,,e792693c-87c3-4ebe-88b6-f33a8c0951ec,7/13/2023 19:06,dmarcum@nps.gov_nps,7/13/2023 19:06,dmarcum@nps.gov_nps,242VK2,10,,1,,,,,,,,,,,,,,
237,607ca9bd-1709-410c-81e0-7202dcf057e4,7,LONMAA,,,e792693c-87c3-4ebe-88b6-f33a8c0951ec,7/13/2023 19:06,dmarcum@nps.gov_nps,7/13/2023 19:06,dmarcum@nps.gov_nps,242VK2,,1,,,,,,,,,,,,,,,
238,9ba48b48-a366-4d09-b707-3fe587f93c44,7,VITRIP,,,e792693c-87c3-4ebe-88b6-f33a8c0951ec,7/13/2023 19:06,dmarcum@nps.gov_nps,7/13/2023 19:06,dmarcum@nps.gov_nps,242VK2,,4,3,1,,,,,,,,,,,,,
239,2e604bc1-9244-426a-b13c-2dd41c1705db,7,LINBEN,,,e792693c-87c3-4ebe-88b6-f33a8c0951ec,7/13/2023 19:06,dmarcum@nps.gov_nps,7/13/2023 19:06,dmarcum@nps.gov_nps,242VK2,4,,,,,,,,,,,,,,,,
240,6919e525-0b27-4377-ba4a-988bf73f9399,7,LONMOR,,,e792693c-87c3-4ebe-88b6-f33a8c0951ec,7/13/2023 19:06,dmarcum@nps.gov_nps,7/13/2023 19:06,dmarcum@nps.gov_nps,242VK2,1,,1,,,,,,,,,,,,,,
241,b08a5648-144d-4e45-bcca-48ac8ba94410,7,STNDEAD,,,e792693c-87c3-4ebe-88b6-f33a8c0951ec,7/13/2023 19:06,dmarcum@nps.gov_nps,7/13/2023 19:06,dmarcum@nps.gov_nps,242VK2,,1,,1,6,,,,,,,,,,,,
242,7fbb7ec6-fb45-42bd-a358-e16898ffcf23,7,LIGVUL,,,e792693c-87c3-4ebe-88b6-f33a8c0951ec,7/13/2023 19:06,dmarcum@nps.gov_nps,7/13/2023 19:06,dmarcum@nps.gov_nps,242VK2,1,,1,,,,,,,,,,,,,,
243,de35f40d-1841-4680-877f-7db7b1ef61e1,3,LONTAT,,,e792693c-87c3-4ebe-88b6-f33a8c0951ec,7/13/2023 19:06,dmarcum@nps.gov_nps,7/13/2023 19:06,dmarcum@nps.gov_nps,242VK2,2,,,,,,,,,,,,,,,,
244,95a1d80e-f733-4a3e-86d8-a22c3a6b1d8d,7,CORRAC,,,e792693c-87c3-4ebe-88b6-f33a8c0951ec,7/13/2023 19:06,dmarcum@nps.gov_nps,7/13/2023 19:06,dmarcum@nps.gov_nps,242VK2,2,,1,,,,,,,,,,,,,,
245,bbf69a42-3816-4c1e-bd69-c091df608ce3,8,PLAOCC,,,e792693c-87c3-4ebe-88b6-f33a8c0951ec,7/13/2023 19:06,dmarcum@nps.gov_nps,7/13/2023 19:06,dmarcum@nps.gov_nps,242VK2,,15,11,23,17,1,,,,,,,,,,,
246,267106e1-ebaa-4f68-9b5e-4cef34a8c37c,8,ROSMUL,,,e792693c-87c3-4ebe-88b6-f33a8c0951ec,7/13/2023 19:06,dmarcum@nps.gov_nps,7/13/2023 19:06,dmarcum@nps.gov_nps,242VK2,11,5,1,,,,,,,,,,,,,,
247,c03896ac-474d-4b43-9af8-ba98abff85f2,8,STNDEAD,,,e792693c-87c3-4ebe-88b6-f33a8c0951ec,7/13/2023 19:06,dmarcum@nps.gov_nps,7/13/2023 19:06,dmarcum@nps.gov_nps,242VK2,3,1,,,1,1,,,,,1,,,,,,
248,154289fd-4a0a-41fc-82f0-0df4128e1bde,8,AESGLA,,,e792693c-87c3-4ebe-88b6-f33a8c0951ec,7/13/2023 19:06,dmarcum@nps.gov_nps,7/13/2023 19:06,dmarcum@nps.gov_nps,242VK2,1,,,,,,,,,,,,,,,,
249,f029f1c4-d266-40d6-aaf9-1f9c54e9f25f,8,LINBEN,,,e792693c-87c3-4ebe-88b6-f33a8c0951ec,7/13/2023 19:06,dmarcum@nps.gov_nps,7/13/2023 19:06,dmarcum@nps.gov_nps,242VK2,2,,,,,,,,,,,,,,,,
250,0c22bc8d-263f-42d1-826c-ab96ebbdac5c,8,SLXNIG,,,e792693c-87c3-4ebe-88b6-f33a8c0951ec,7/13/2023 19:06,dmarcum@nps.gov_nps,7/13/2023 19:06,dmarcum@nps.gov_nps,242VK2,,,1,,,,,,,,,,,,,,
251,10fba1da-e8e8-4bd4-b61f-ef68e58383a7,8,ULMAME,,,e792693c-87c3-4ebe-88b6-f33a8c0951ec,7/13/2023 19:06,dmarcum@nps.gov_nps,7/13/2023 19:06,dmarcum@nps.gov_nps,242VK2,,1,,,,,,,,,,,,,,,
252,e4b53c0b-d9de-45d2-b247-2382babd6a8e,8,FRAPEN,,,e792693c-87c3-4ebe-88b6-f33a8c0951ec,7/13/2023 19:06,dmarcum@nps.gov_nps,7/13/2023 19:06,dmarcum@nps.gov_nps,242VK2,,1,,,,,,,,,,,,,,,
253,5ab21c47-a924-44be-9993-3cfaa4e7c2fc,8,VIBDEN,,,e792693c-87c3-4ebe-88b6-f33a8c0951ec,7/13/2023 19:06,dmarcum@nps.gov_nps,7/13/2023 19:06,dmarcum@nps.gov_nps,242VK2,,1,,,,,,,,,,,,,,,
254,dbf9e05c-4c18-440c-8b5d-ef72f3bf72cd,8,SLXDIS,,,e792693c-87c3-4ebe-88b6-f33a8c0951ec,7/13/2023 19:06,dmarcum@nps.gov_nps,7/13/2023 19:06,dmarcum@nps.gov_nps,242VK2,,1,1,,,,,,,,,,,,,,
255,6a108586-7ba3-42ff-bd06-4cda04802072,9,LIGVUL,,,e792693c-87c3-4ebe-88b6-f33a8c0951ec,7/13/2023 19:06,dmarcum@nps.gov_nps,7/13/2023 19:06,dmarcum@nps.gov_nps,242VK2,6,2,3,,,,,,,,,,,,,,
256,0367967f-9736-4d5b-8789-0fd4feaa0ff2,9,ROSMUL,,,e792693c-87c3-4ebe-88b6-f33a8c0951ec,7/13/2023 19:06,dmarcum@nps.gov_nps,7/13/2023 19:06,dmarcum@nps.gov_nps,242VK2,15,10,3,,,,,,,,,,,,,,
257,db80c297-34a1-431a-8b1b-c31c4d4aeb6c,9,LINBEN,,,e792693c-87c3-4ebe-88b6-f33a8c0951ec,7/13/2023 19:06,dmarcum@nps.gov_nps,7/13/2023 19:06,dmarcum@nps.gov_nps,242VK2,2,,,,,,,,,,,,,,,,
258,e83099f7-d91b-481e-b1c2-e0d1e79e2dc4,9,STNDEAD,,,e792693c-87c3-4ebe-88b6-f33a8c0951ec,7/13/2023 19:06,dmarcum@nps.gov_nps,7/13/2023 19:06,dmarcum@nps.gov_nps,242VK2,2,2,1,,,,,,,,1,,,,,,
259,55c326b1-96c2-48f7-8261-d14b885148f9,9,PLAOCC,,,e792693c-87c3-4ebe-88b6-f33a8c0951ec,7/13/2023 19:06,dmarcum@nps.gov_nps,7/13/2023 19:06,dmarcum@nps.gov_nps,242VK2,1,3,1,5,2,,,,,,,,,,,,
260,4be6127a-423a-4e77-8c3e-a10aadf5c5f9,9,FRAPEN,,,e792693c-87c3-4ebe-88b6-f33a8c0951ec,7/13/2023 19:06,dmarcum@nps.gov_nps,7/13/2023 19:06,dmarcum@nps.gov_nps,242VK2,,5,1,1,,,,,,,,,,,,,
261,1e833bdf-8046-46ee-beff-f9d3c34a71b5,9,ELAUMB,,,e792693c-87c3-4ebe-88b6-f33a8c0951ec,7/13/2023 19:06,dmarcum@nps.gov_nps,7/13/2023 19:06,dmarcum@nps.gov_nps,242VK2,1,,,3,,,,,,,,,,,,,
262,173fc993-1613-41c6-a8d8-9d3c39f77623,9,QUEPAL,,,e792693c-87c3-4ebe-88b6-f33a8c0951ec,7/13/2023 19:06,dmarcum@nps.gov_nps,7/13/2023 19:06,dmarcum@nps.gov_nps,242VK2,,2,,,,,,,,,,,,,,,
263,cec53bb5-7a6f-473e-b0e1-e378b94e29e8,9,ULMAME,,,e792693c-87c3-4ebe-88b6-f33a8c0951ec,7/13/2023 19:06,dmarcum@nps.gov_nps,7/13/2023 19:06,dmarcum@nps.gov_nps,242VK2,,6,1,,,,,,,,,,,,,,
264,fc24c004-5ac2-4748-945a-0ed36742b296,9,SLXNIG,,,e792693c-87c3-4ebe-88b6-f33a8c0951ec,7/13/2023 19:06,dmarcum@nps.gov_nps,7/13/2023 19:06,dmarcum@nps.gov_nps,242VK2,,1,1,,1,3,,,,,,,,,,,
265,cfacfe1e-9a2b-4b02-ac48-3b0e74603889,9,SPIALA,,,e792693c-87c3-4ebe-88b6-f33a8c0951ec,7/13/2023 19:06,dmarcum@nps.gov_nps,7/13/2023 19:06,dmarcum@nps.gov_nps,242VK2,,,,,,,,,,,,,,,,,
266,34816fb3-36da-40eb-a9ed-d07bb3a5c97c,8,LONMOR,,,e792693c-87c3-4ebe-88b6-f33a8c0951ec,7/13/2023 19:06,dmarcum@nps.gov_nps,7/13/2023 19:06,dmarcum@nps.gov_nps,242VK2,2,,,,,,,,,,,,,,,,
267,051c337b-684d-412a-b9b7-e23e12eeae08,8,SPIALA,,,e792693c-87c3-4ebe-88b6-f33a8c0951ec,7/13/2023 19:06,dmarcum@nps.gov_nps,7/13/2023 19:06,dmarcum@nps.gov_nps,242VK2,2,,,,,,,,,,,,,,,,
268,22878213-8315-4dbe-85bc-c973bb64989f,10,RHAFRA,,,e792693c-87c3-4ebe-88b6-f33a8c0951ec,7/13/2023 19:06,dmarcum@nps.gov_nps,7/13/2023 19:06,dmarcum@nps.gov_nps,242VK2,,,1,,,,,,,,,,,,,,
269,06aef482-7392-4bce-a0ff-eec0045a1700,10,VIBOPUO,,,e792693c-87c3-4ebe-88b6-f33a8c0951ec,7/13/2023 19:06,dmarcum@nps.gov_nps,7/13/2023 19:06,dmarcum@nps.gov_nps,242VK2,3,1,,,,,,,,,,,,,,,
270,a5448fd0-b365-4d47-9c83-8e79bc7ebbf5,10,SLXEXI,,,e792693c-87c3-4ebe-88b6-f33a8c0951ec,7/13/2023 19:06,dmarcum@nps.gov_nps,7/13/2023 19:06,dmarcum@nps.gov_nps,242VK2,1,5,1,,,,,,,,,,,,,,
271,06776476-8ca3-4d5b-8d35-6e8dd98c4f83,10,PLAOCC,,,e792693c-87c3-4ebe-88b6-f33a8c0951ec,7/13/2023 19:06,dmarcum@nps.gov_nps,7/13/2023 19:06,dmarcum@nps.gov_nps,242VK2,,,3,2,5,,,,,,,,,,,,
272,26e1c1cc-44d3-4bb2-a21f-d9d375ba8795,10,PARQUI,,,e792693c-87c3-4ebe-88b6-f33a8c0951ec,7/13/2023 19:06,dmarcum@nps.gov_nps,7/13/2023 19:06,dmarcum@nps.gov_nps,242VK2,,2,,,,,,,,,,,,,,,
273,992df7b3-7d04-427e-80ad-2b66dcb244a5,10,ROSMUL,,,e792693c-87c3-4ebe-88b6-f33a8c0951ec,7/13/2023 19:06,dmarcum@nps.gov_nps,7/13/2023 19:06,dmarcum@nps.gov_nps,242VK2,20,1,2,,,,,,,,,,,,,,
274,9fb89825-798f-42ca-b1aa-0e2efa6d5a1b,10,STNDEAD,,,e792693c-87c3-4ebe-88b6-f33a8c0951ec,7/13/2023 19:06,dmarcum@nps.gov_nps,7/13/2023 19:06,dmarcum@nps.gov_nps,242VK2,2,,4,,1,,,1,,,1,2,63,43,,,
275,be395279-8d13-46b3-a5e0-348dc58fae96,10,SLXDIS,,,e792693c-87c3-4ebe-88b6-f33a8c0951ec,7/13/2023 19:06,dmarcum@nps.gov_nps,7/13/2023 19:06,dmarcum@nps.gov_nps,242VK2,2,,,1,,,,,,,,,,,,,
276,ebaa4a8c-ee5c-49a0-bebf-f2f2a2f5303f,10,LONMAA,,,e792693c-87c3-4ebe-88b6-f33a8c0951ec,7/13/2023 19:06,dmarcum@nps.gov_nps,7/13/2023 19:06,dmarcum@nps.gov_nps,242VK2,1,1,,,,,,,,,,,,,,,
277,fd094502-04f6-43fb-acfc-7dd97c8a7117,10,LONMOR,,,e792693c-87c3-4ebe-88b6-f33a8c0951ec,7/13/2023 19:06,dmarcum@nps.gov_nps,7/13/2023 19:06,dmarcum@nps.gov_nps,242VK2,3,,,,,,,,,,,,,,,,
278,fef94872-ed48-4f49-973d-861907014156,10,CRPCAR,,,e792693c-87c3-4ebe-88b6-f33a8c0951ec,7/13/2023 19:06,dmarcum@nps.gov_nps,7/13/2023 19:06,dmarcum@nps.gov_nps,242VK2,,,1,1,,,,,,,,,,,,,
279,0f7054c0-9b14-4e4b-bc1c-e7715ed70fa2,10,LINBEN,,,e792693c-87c3-4ebe-88b6-f33a8c0951ec,7/13/2023 19:06,dmarcum@nps.gov_nps,7/13/2023 19:06,dmarcum@nps.gov_nps,242VK2,5,3,,,,,,,,,,,,,,,
280,3c4c5619-314d-4290-9190-e0475d5be87c,10,LIGVUL,,,e792693c-87c3-4ebe-88b6-f33a8c0951ec,7/13/2023 19:06,dmarcum@nps.gov_nps,7/13/2023 19:06,dmarcum@nps.gov_nps,242VK2,5,,1,,,,,,,,,,,,,,
281,42b30e28-20c1-4f4d-9b7d-67a5508d4209,10,FRAPEN,,,e792693c-87c3-4ebe-88b6-f33a8c0951ec,7/13/2023 19:06,dmarcum@nps.gov_nps,7/13/2023 19:06,dmarcum@nps.gov_nps,242VK2,,18,4,1,,,,,,,,,,,,,
282,7eb3b8f9-9dde-4879-8e1a-af6c8e5e6899,10,ULMAME,,,e792693c-87c3-4ebe-88b6-f33a8c0951ec,7/13/2023 19:06,dmarcum@nps.gov_nps,7/13/2023 19:06,dmarcum@nps.gov_nps,242VK2,1,7,,,,,,,,,,,,,,,
283,1be1195a-fbc9-4a36-a50e-58eb2530a9b4,10,SLXNIG,,,e792693c-87c3-4ebe-88b6-f33a8c0951ec,7/13/2023 19:06,dmarcum@nps.gov_nps,7/13/2023 19:06,dmarcum@nps.gov_nps,242VK2,2,,1,,1,,,,,,,,,,,,
284,75f604ad-ea44-42a2-8fe0-26183c106840,10,CRAPUN,,,e792693c-87c3-4ebe-88b6-f33a8c0951ec,7/13/2023 19:06,dmarcum@nps.gov_nps,7/13/2023 19:06,dmarcum@nps.gov_nps,242VK2,,1,,,,,,,,,,,,,,,
285,14fe68de-9ec1-42ce-9cec-1a5bee25fbc6,10,VITRIP,,,e792693c-87c3-4ebe-88b6-f33a8c0951ec,7/13/2023 19:06,dmarcum@nps.gov_nps,7/13/2023 19:06,dmarcum@nps.gov_nps,242VK2,,7,,,,,,,,,,,,,,,
286,3e040554-683f-46fd-a4bb-80b970f35265,10,VIBREC,,,e792693c-87c3-4ebe-88b6-f33a8c0951ec,7/13/2023 19:06,dmarcum@nps.gov_nps,7/13/2023 19:06,dmarcum@nps.gov_nps,242VK2,,1,,,,,,,,,,,,,,,
287,c3304058-5bb1-4b04-9403-42488447b510,10,CORRAC,,,e792693c-87c3-4ebe-88b6-f33a8c0951ec,7/13/2023 19:06,dmarcum@nps.gov_nps,7/13/2023 19:06,dmarcum@nps.gov_nps,242VK2,1,2,1,,,,,,,,,,,,,,
288,13238e28-5f84-4ea7-993d-e214838c4640,10,CRATAE,,,e792693c-87c3-4ebe-88b6-f33a8c0951ec,7/13/2023 19:06,dmarcum@nps.gov_nps,7/13/2023 19:06,dmarcum@nps.gov_nps,242VK2,,1,,,,,,,,,,,,,,,
289,ffb01a48-d494-4f4b-b81f-d35767f46029,10,FAGGRA,,,e792693c-87c3-4ebe-88b6-f33a8c0951ec,7/13/2023 19:06,dmarcum@nps.gov_nps,7/13/2023 19:06,dmarcum@nps.gov_nps,242VK2,,,,2,,,,,,,,,,,,,
290,15688b37-b273-4d7e-99bd-203a8b1341bc,10,MALTOR,,,e792693c-87c3-4ebe-88b6-f33a8c0951ec,7/13/2023 19:06,dmarcum@nps.gov_nps,7/13/2023 19:06,dmarcum@nps.gov_nps,242VK2,,,,2,,,,,,,,,,,,,
291,386883ff-b239-4f1a-8d50-66fc883ddc05,10,PYRUS,,,e792693c-87c3-4ebe-88b6-f33a8c0951ec,7/13/2023 19:06,dmarcum@nps.gov_nps,7/13/2023 19:06,dmarcum@nps.gov_nps,242VK2,,2,,,,,,,,,,,,,,,
292,78124e7d-f124-47a1-9326-4d149bcd6775,1,ROSMUL,,,defdc019-421f-4240-a599-d320036dca35,7/14/2023 18:41,dmarcum@nps.gov_nps,7/14/2023 18:41,dmarcum@nps.gov_nps,241VK4,5,2,1,,,,,,,,,,,,,,
293,ff0e69c6-5b27-4812-a357-704ccaacf4ad,1,RUBPEN,,,defdc019-421f-4240-a599-d320036dca35,7/14/2023 18:41,dmarcum@nps.gov_nps,7/14/2023 18:41,dmarcum@nps.gov_nps,241VK4,,4,,,,,,,,,,,,,,,
294,efd860b7-3e33-4a30-bae7-7f8626da7afa,1,VIBREC,,,defdc019-421f-4240-a599-d320036dca35,7/14/2023 18:41,dmarcum@nps.gov_nps,7/14/2023 18:41,dmarcum@nps.gov_nps,241VK4,1,,,,,,,,,,,,,,,,
295,31b5eb32-ec9a-4d69-b5b4-9199fb5583b6,1,VITRIP,,,defdc019-421f-4240-a599-d320036dca35,7/14/2023 18:41,dmarcum@nps.gov_nps,7/14/2023 18:41,dmarcum@nps.gov_nps,241VK4,,4,,,,,,,,,,,,,,,
296,4b76f347-a25a-4760-810f-0132a9a5d742,1,LONMOR,,,defdc019-421f-4240-a599-d320036dca35,7/14/2023 18:41,dmarcum@nps.gov_nps,7/14/2023 18:41,dmarcum@nps.gov_nps,241VK4,1,,,3,1,,,,,,,,,,,,
297,7a1bdf24-130a-4d93-9088-4f1b022ccdcf,1,SLXNIG,,,defdc019-421f-4240-a599-d320036dca35,7/14/2023 18:41,dmarcum@nps.gov_nps,7/14/2023 18:41,dmarcum@nps.gov_nps,241VK4,,2,2,,1,,,,,,,,,,,,
298,3e805cb1-3690-4400-a4f0-531d2cfcc89c,1,COROBL,,,defdc019-421f-4240-a599-d320036dca35,7/14/2023 18:41,dmarcum@nps.gov_nps,7/14/2023 18:41,dmarcum@nps.gov_nps,241VK4,6,32,7,,,,,,,,,,,,,,
299,e80578d2-140c-4da4-ac21-0eb5c8091cf9,1,SAMCAN,,,defdc019-421f-4240-a599-d320036dca35,7/14/2023 18:41,dmarcum@nps.gov_nps,7/14/2023 18:41,dmarcum@nps.gov_nps,241VK4,10,2,6,7,,,,,,,,,,,,,
300,f484cbdc-77b9-46ff-907b-807c70310ef7,1,PARQUI,,,defdc019-421f-4240-a599-d320036dca35,7/14/2023 18:41,dmarcum@nps.gov_nps,7/14/2023 18:41,dmarcum@nps.gov_nps,241VK4,,1,,,,,,,,,,,,,,,
301,d4b1e613-8995-4db0-894a-57d5063acb5d,1,STNDEAD,,,defdc019-421f-4240-a599-d320036dca35,7/14/2023 18:41,dmarcum@nps.gov_nps,7/14/2023 18:41,dmarcum@nps.gov_nps,241VK4,3,,3,,,,,,,,,,,,,,
302,6ec9e6d8-a864-46ed-a540-5647fde1f3d5,1,PLAOCC,,,defdc019-421f-4240-a599-d320036dca35,7/14/2023 18:41,dmarcum@nps.gov_nps,7/14/2023 18:41,dmarcum@nps.gov_nps,241VK4,,2,2,1,,,,,,,,,,,,,
303,293219d8-a604-4cab-8fba-e0682d9af16a,1,ULMAME,,,defdc019-421f-4240-a599-d320036dca35,7/14/2023 18:41,dmarcum@nps.gov_nps,7/14/2023 18:41,dmarcum@nps.gov_nps,241VK4,,3,,,,,,,,,,,,,,,
304,5b67bf15-f0fa-48f8-bd0b-2f3356cd5ade,1,RIBAME,,,defdc019-421f-4240-a599-d320036dca35,7/14/2023 18:41,dmarcum@nps.gov_nps,7/14/2023 18:41,dmarcum@nps.gov_nps,241VK4,,1,,,,,,,,,,,,,,,
305,283d4fe9-acf1-49a9-a07e-8d38b20f05e9,2,COROBL,,,defdc019-421f-4240-a599-d320036dca35,7/14/2023 18:41,dmarcum@nps.gov_nps,7/14/2023 18:41,dmarcum@nps.gov_nps,241VK4,2,6,5,,,,,,,,,,,,,,
306,c339b043-9d4e-4040-841d-bdd3358d849b,2,RHAFRA,,,defdc019-421f-4240-a599-d320036dca35,7/14/2023 18:41,dmarcum@nps.gov_nps,7/14/2023 18:41,dmarcum@nps.gov_nps,241VK4,,,2,6,,,,,,,,,,,,,
307,acbfad1b-f7b6-4973-b908-e4433f40046f,2,ULMAME,,,defdc019-421f-4240-a599-d320036dca35,7/14/2023 18:41,dmarcum@nps.gov_nps,7/14/2023 18:41,dmarcum@nps.gov_nps,241VK4,,1,,1,,,,,,,,,,,,,
308,226610a1-fda8-4e8a-8435-fb93acdbb06a,2,PARQUI,,,defdc019-421f-4240-a599-d320036dca35,7/14/2023 18:41,dmarcum@nps.gov_nps,7/14/2023 18:41,dmarcum@nps.gov_nps,241VK4,,5,1,,,,,,,,,,,,,,
309,ac49531d-0e1f-447c-b174-980ba209192f,2,STNDEAD,,,defdc019-421f-4240-a599-d320036dca35,7/14/2023 18:41,dmarcum@nps.gov_nps,7/14/2023 18:41,dmarcum@nps.gov_nps,241VK4,3,1,,2,,,,,,,,,,,,,
310,d3438f86-9138-4c61-94ec-af1415cd44af,2,VIBDEN,,,defdc019-421f-4240-a599-d320036dca35,7/14/2023 18:41,dmarcum@nps.gov_nps,7/14/2023 18:41,dmarcum@nps.gov_nps,241VK4,,,1,,,,,,,,,,,,,,
311,6da78ec5-f0e7-41bf-bd5e-7c0d8e25d48f,2,SAMCAN,,,defdc019-421f-4240-a599-d320036dca35,7/14/2023 18:41,dmarcum@nps.gov_nps,7/14/2023 18:41,dmarcum@nps.gov_nps,241VK4,6,6,6,,,,,,,,,,,,,,
312,07c7234f-f297-4a27-b024-a9903bd99f77,2,ROSMUL,,,defdc019-421f-4240-a599-d320036dca35,7/14/2023 18:41,dmarcum@nps.gov_nps,7/14/2023 18:41,dmarcum@nps.gov_nps,241VK4,,,1,,,,,,,,,,,,,,
313,316e918c-bfcd-45a7-a04c-3a96beb0799c,2,LONMOR,,,defdc019-421f-4240-a599-d320036dca35,7/14/2023 18:41,dmarcum@nps.gov_nps,7/14/2023 18:41,dmarcum@nps.gov_nps,241VK4,1,,5,,,,,,,,,,,,,,
314,66e5329c-bec8-4faf-a14f-21cd1df762a3,3,ROSMUL,,,defdc019-421f-4240-a599-d320036dca35,7/14/2023 18:41,dmarcum@nps.gov_nps,7/14/2023 18:41,dmarcum@nps.gov_nps,241VK4,,2,,,,,,,,,,,,,,,
315,7d4260aa-e31f-48c4-8a3c-833e2d8f9624,3,PARQUI,,,defdc019-421f-4240-a599-d320036dca35,7/14/2023 18:41,dmarcum@nps.gov_nps,7/14/2023 18:41,dmarcum@nps.gov_nps,241VK4,,4,2,,,,,,,,,,,,,,
316,3d94457a-db72-4827-afce-59c44287bf82,3,COROBL,,,defdc019-421f-4240-a599-d320036dca35,7/14/2023 18:41,dmarcum@nps.gov_nps,7/14/2023 18:41,dmarcum@nps.gov_nps,241VK4,,1,1,,,,,,,,,,,,,,
317,34b5877b-49b9-4126-b630-898b1a8a4ca0,3,LONMOR,,,defdc019-421f-4240-a599-d320036dca35,7/14/2023 18:41,dmarcum@nps.gov_nps,7/14/2023 18:41,dmarcum@nps.gov_nps,241VK4,3,,,5,2,,,,,,,,,,,,
318,718134ba-8200-4b8a-8a03-b7b4797d7d04,3,VITRIP,,,defdc019-421f-4240-a599-d320036dca35,7/14/2023 18:41,dmarcum@nps.gov_nps,7/14/2023 18:41,dmarcum@nps.gov_nps,241VK4,,4,1,,,,,,,,,,,,,,
319,f18998ef-3477-4624-b86f-f31ae9b6479d,3,STNDEAD,,,defdc019-421f-4240-a599-d320036dca35,7/14/2023 18:41,dmarcum@nps.gov_nps,7/14/2023 18:41,dmarcum@nps.gov_nps,241VK4,,1,1,,,,,,,,,,,,,,
320,b34395c6-9d44-44eb-8fd2-f052de6425d2,3,PLAOCC,,,defdc019-421f-4240-a599-d320036dca35,7/14/2023 18:41,dmarcum@nps.gov_nps,7/14/2023 18:41,dmarcum@nps.gov_nps,241VK4,,,2,1,,,,,,,,,,,,,
321,df5d12a4-a8a7-481d-9e8d-2595d9b56265,3,RUBPEN,,,defdc019-421f-4240-a599-d320036dca35,7/14/2023 18:41,dmarcum@nps.gov_nps,7/14/2023 18:41,dmarcum@nps.gov_nps,241VK4,,11,5,,,,,,,,,,,,,,
322,3046a12d-1e13-49f5-b035-6041cbbc5d23,3,ULMAME,,,defdc019-421f-4240-a599-d320036dca35,7/14/2023 18:41,dmarcum@nps.gov_nps,7/14/2023 18:41,dmarcum@nps.gov_nps,241VK4,,,1,,,,,,,,,,,,,,
