Species,Other_species_not_on_dropdown_list,Module,CoverClass_LT_6m,CoverClassAll,EditDate,HerbSiteName
Phalaris arundinacea,,1,6,6,6/27/2023 18:43,969
Salix exigua,,1,8,8,6/27/2023 18:43,969
Carex vulpinoidea,,1,6,6,6/27/2023 18:43,969
Carex cristatella,,1,4,4,6/27/2023 18:43,969
Agrostis stolonifera,,1,6,6,6/27/2023 18:43,969
Lysimachia nummularia,,1,8,8,6/27/2023 18:43,969
Galium asprellum,,1,6,6,6/27/2023 18:43,969
Scutellaria lateriflora,,1,2,2,6/27/2023 18:43,969
Apocynum cannabinum,,1,3,3,6/27/2023 18:43,969
Iris pseudacorus,,1,3,3,6/27/2023 18:43,969
Toxicodendron radicans,,1,2,2,6/27/2023 18:43,969
Geum laciniatum,Laciniatum?,1,2,2,6/27/2023 18:43,969
Asclepias incarnata,,1,2,2,6/27/2023 18:43,969
Cornus obliqua,Cornus obliqua (x amomum?),1,3,3,6/27/2023 18:43,969
Ulmus americana,,1,2,2,6/27/2023 18:43,969
Fraxinus pennsylvanica,,1,2,2,6/27/2023 18:43,969
Myosotis scorpioides,,1,2,2,6/27/2023 18:43,969
Cirsium arvense,,1,2,2,6/27/2023 18:43,969
Lythrum salicaria,,1,2,2,6/27/2023 18:43,969
Vitis riparia,,1,2,2,6/27/2023 18:43,969
Rosa multiflora,,1,2,2,6/27/2023 18:43,969
Rumex orbiculatus,,1,2,2,6/27/2023 18:43,969
Phalaris arundinacea,,2,8,8,6/27/2023 18:43,969
Salix exigua,,2,7,7,6/27/2023 18:43,969
Apocynum cannabinum,,2,4,4,6/27/2023 18:43,969
Lysimachia nummularia,,2,9,9,6/27/2023 18:43,969
Galium asprellum,,2,7,7,6/27/2023 18:43,969
Carex cristatella,,2,4,4,6/27/2023 18:43,969
Carex vulpinoidea,,2,4,4,6/27/2023 18:43,969
Cirsium arvense,,2,2,2,6/27/2023 18:43,969
Epilobium parviflorum,,2,2,2,6/27/2023 18:43,969
Asclepias incarnata,,2,1,1,6/27/2023 18:43,969
Vitis riparia,,2,2,2,6/27/2023 18:43,969
Iris pseudacorus,,2,3,3,6/27/2023 18:43,969
Trifolium pratense,,2,1,1,6/27/2023 18:43,969
Rosa multiflora,,2,2,2,6/27/2023 18:43,969
Geum laciniatum,,2,2,2,6/27/2023 18:43,969
Cornus obliqua,Cornus obliqua,2,2,2,6/27/2023 18:43,969
Fraxinus pennsylvanica,,2,2,2,6/27/2023 18:43,969
Leersia oryzoides,,2,2,2,6/27/2023 18:43,969
Cicuta bulbifera,,2,1,1,6/27/2023 18:43,969
Phalaris arundinacea,,3,7,7,6/28/2023 18:39,969
Lysimachia nummularia,,3,9,9,6/28/2023 18:39,969
Salix exigua,,3,6,6,6/28/2023 18:39,969
Solidago gigantea,,3,2,2,6/28/2023 18:39,969
Solidago altissima,,3,6,6,6/28/2023 18:39,969
Apocynum cannabinum,,3,4,4,6/28/2023 18:39,969
Asclepias syriaca,,3,3,3,6/28/2023 18:39,969
Galium asprellum,,3,7,7,6/28/2023 18:39,969
Agrostic gigantea,,3,5,5,6/28/2023 18:39,969
Poa pratensis,,3,6,6,6/28/2023 18:39,969
Carex festucacea,,3,3,3,6/28/2023 18:39,969
Carex vulpinoidea,,3,6,6,6/28/2023 18:39,969
Carex cristatella,,3,4,4,6/28/2023 18:39,969
Rosa multiflora,,3,4,4,6/28/2023 18:39,969
Teucrium canadense,,3,2,2,6/28/2023 18:39,969
Geum laciniatum,,3,3,3,6/28/2023 18:39,969
Vernonia gigantea,,3,2,2,6/28/2023 18:39,969
Vicia tetrasperma,,3,3,3,6/28/2023 18:39,969
Cirsium arvense,,3,3,3,6/28/2023 18:39,969
Lycopus americanus,,3,2,2,6/28/2023 18:39,969
Lythrum salicaria,,3,2,2,6/28/2023 18:39,969
Fraxinus pennsylvanica,,3,1,1,6/28/2023 18:39,969
Carex sp. 1,,3,1,1,6/28/2023 18:39,969
Iris pseudacorus,,3,3,3,6/28/2023 18:39,969
Agrostis stolonifera,,3,6,6,6/28/2023 18:39,969
Vitis riparia,,3,2,2,6/28/2023 18:39,969
Parthenocissus quinquefolia,,3,2,2,6/28/2023 18:39,969
Toxicodendron radicans,,3,3,3,6/28/2023 18:39,969
Euthamia graminifolia,,3,3,3,6/28/2023 18:39,969
Symphyotrichum lateriflorum,,3,2,2,6/28/2023 18:39,969
Allium canadense,,3,2,2,6/28/2023 18:39,969
Crataegus sp.,,3,2,2,6/28/2023 18:39,969
Salix exigua,,4,7,7,6/28/2023 18:39,969
Phalaris arundinacea,,4,6,6,6/28/2023 18:39,969
Carex vulpinoidea,,4,7,7,6/28/2023 18:39,969
Lysimachia nummularia,,4,6,6,6/28/2023 18:39,969
Epilobium coloratum,,3,1,1,6/28/2023 18:39,969
Cirsium arvense,,4,4,4,6/28/2023 18:39,969
Iris pseudacorus,,4,4,4,6/28/2023 18:39,969
Apocynum cannabinum,,4,4,4,6/28/2023 18:39,969
Vernonia gigantea,,4,2,2,6/28/2023 18:39,969
Fraxinus pennsylvanica,,4,3,3,6/28/2023 18:39,969
Asclepias incarnata,,4,2,2,6/28/2023 18:39,969
Galium asprellum,,4,8,8,6/28/2023 18:39,969
Rosa multiflora,,4,3,3,6/28/2023 18:39,969
Solidago altissima,,4,5,5,6/28/2023 18:39,969
Rosa setigera,,4,2,2,6/28/2023 18:39,969
Myosotis laxa,,4,2,2,6/28/2023 18:39,969
Myosotis scorpioides,,4,2,2,6/28/2023 18:39,969
Torilis japonica,,4,1,1,6/28/2023 18:39,969
Zizia aurea,,4,1,1,6/28/2023 18:39,969
Vicia tetrasperma,,4,4,4,6/28/2023 18:39,969
Elymus sp.,,3,1,1,6/28/2023 18:39,969
Agrostis stolonifera,,4,5,5,6/28/2023 18:39,969
Epilobium coloratum,,4,1,1,6/28/2023 18:39,969
Lycopus americanus,,4,2,2,6/28/2023 18:39,969
Ulmus americana,,4,2,2,6/28/2023 18:39,969
Juncus tenuis,Vouchered,4,5,5,6/28/2023 18:39,969
Carex cristatella,,4,5,5,6/28/2023 18:39,969
Symphyotrichum lateriflorum,,4,2,2,6/28/2023 18:39,969
Gleditsia triacanthos,,4,1,1,6/28/2023 18:39,969
Euthamia graminifolia,,4,3,3,6/28/2023 18:39,969
Teucrium canadense,,4,2,2,6/28/2023 18:39,969
Rhamnus frangula,,4,1,1,6/28/2023 18:39,969
Poa pratensis,,4,6,6,6/28/2023 18:39,969
Toxicodendron radicans,,4,3,3,6/28/2023 18:39,969
Elymus sp.,,4,1,1,6/28/2023 18:39,969
Agrostic gigantea,,4,4,4,6/28/2023 18:39,969
Carex festucacea,Vouchered,4,2,2,6/28/2023 18:39,969
Cornus obliqua,Cornus obliqua,4,2,2,6/28/2023 18:39,969
Geum laciniatum,,4,3,3,6/28/2023 18:39,969
Carex granularis,,4,2,2,6/28/2023 18:39,969
Juncus acuminatus,Vouchered,4,2,2,6/28/2023 18:39,969
Lathyrus latifolius,Lathyrus latifolius,4,3,3,6/28/2023 18:39,969
Phalaris arundinacea,,2,4,4,6/29/2023 16:40,1049
Elymus sp.,Likely riparius,2,3,3,6/29/2023 16:40,1049
Polygonum virginianum,,2,7,7,6/29/2023 16:40,1049
Matteuccia struthiopteris,,2,7,7,6/29/2023 16:40,1049
Alliaria petiolata,,2,6,6,6/29/2023 16:40,1049
Rosa multiflora,,2,4,4,6/29/2023 16:40,1049
Circaea lutetiana,,2,3,3,6/29/2023 16:40,1049
Duchesnea indica,,2,5,5,6/29/2023 16:40,1049
Aegopodium podagraria,Aegopodium podagraria,2,4,4,6/29/2023 16:40,1049
Poa sp.,Vouchered ligule present,2,5,5,6/29/2023 16:40,1049
Solidago gigantea,,2,3,3,6/29/2023 16:40,1049
Arisaema dracontium,,2,2,2,6/29/2023 16:40,1049
Diarrhena americana,,2,3,3,6/29/2023 16:40,1049
Solidago flexicaulis,,2,2,2,6/29/2023 16:40,1049
Hesperis matronlis,,2,2,2,6/29/2023 16:40,1049
Carex blanda,,2,3,3,6/29/2023 16:40,1049
Fraxinus pennsylvanica,,2,3,3,6/29/2023 16:40,1049
Geum canadense,,2,2,2,6/29/2023 16:40,1049
Toxicodendron radicans,,2,2,2,6/29/2023 16:40,1049
Lysimachia nummularia,,2,3,3,6/29/2023 16:40,1049
Viola sororia,Vouchered basalt ,2,2,2,6/29/2023 16:40,1049
Vernonia altissima,,2,2,2,6/29/2023 16:40,1049
Acer negundo,,2,3,8,6/29/2023 16:40,1049
Populus deltoides,,2,,6,6/29/2023 16:40,1049
Polygonum virginianum,,3,7,7,6/29/2023 16:40,1049
Aegopodium podagraria,Aegopodium podagraria,3,8,8,6/29/2023 16:40,1049
Vernonia altissima,,3,5,5,6/29/2023 16:40,1049
Matteuccia struthiopteris,,3,6,6,6/29/2023 16:40,1049
Solidago gigantea,,3,3,3,6/29/2023 16:40,1049
Phalaris arundinacea,,3,4,4,6/29/2023 16:40,1049
Ulmus americana,,3,2,2,6/29/2023 16:40,1049
Rosa multiflora,,3,3,3,6/29/2023 16:40,1049
Diarrhena americana,,3,2,2,6/29/2023 16:40,1049
Poa sp.,Same as mod 2,3,5,5,6/29/2023 16:40,1049
Duchesnea indica,,3,5,5,6/29/2023 16:40,1049
Viola sororia,,3,2,2,6/29/2023 16:40,1049
Elymus riparius,,3,2,2,6/29/2023 16:40,1049
Fraxinus pennsylvanica,,3,3,3,6/29/2023 16:40,1049
Arisaema dracontium,,3,2,2,6/29/2023 16:40,1049
Alliaria petiolata,,3,6,6,6/29/2023 16:40,1049
Lysimachia nummularia,,3,3,3,6/29/2023 16:40,1049
Allium canadense,,3,2,2,6/29/2023 16:40,1049
Sicyos angulatus,,3,1,1,6/29/2023 16:40,1049
Toxicodendron radicans,,3,2,2,6/29/2023 16:40,1049
Acer negundo,,3,2,8,6/29/2023 16:40,1049
Populus deltoides,,3,,8,6/29/2023 16:40,1049
Matteuccia struthiopteris,,8,6,6,6/29/2023 16:40,1049
Circaea lutetiana,,3,4,4,6/29/2023 16:40,1049
Aegopodium podagraria,Aegopodium podagraria,8,9,9,6/29/2023 16:40,1049
Phalaris arundinacea,,8,4,4,6/29/2023 16:40,1049
Vernonia altissima,,8,4,4,6/29/2023 16:40,1049
Solidago gigantea,,8,3,3,6/29/2023 16:40,1049
Circaea lutetiana,,8,3,3,6/29/2023 16:40,1049
Duchesnea indica,,8,3,3,6/29/2023 16:40,1049
Geum canadense,,8,2,2,6/29/2023 16:40,1049
Toxicodendron radicans,,8,2,2,6/29/2023 16:40,1049
Acer negundo,,8,2,7,6/29/2023 16:40,1049
Vernonia altissima,,9,6,6,6/29/2023 16:40,1049
Rosa multiflora,,9,3,3,6/29/2023 16:40,1049
Aegopodium podagraria ,Aegopodium podagraria ,9,9,9,6/29/2023 16:40,1049
Loniciera maackii,,9,2,2,6/29/2023 16:40,1049
Polygonum virginianum,,9,5,5,6/29/2023 16:40,1049
Fraxinus pennsylvanica,,9,2,2,6/29/2023 16:40,1049
Elymus riparius,,9,2,2,6/29/2023 16:40,1049
Lysimachia nummularia,,9,3,3,6/29/2023 16:40,1049
Impatiens capensis,,9,1,1,6/29/2023 16:40,1049
Impatiens capensis,,8,2,2,6/29/2023 16:40,1049
Elymus riparius,,8,2,2,6/29/2023 16:40,1049
Viola sororia,,9,2,2,6/29/2023 16:40,1049
Poa sp.,Same,9,4,4,6/29/2023 16:40,1049
Carex blanda,,9,2,2,6/29/2023 16:40,1049
Alliaria petiolata,,9,5,5,6/29/2023 16:40,1049
Toxicodendron radicans,,9,2,2,6/29/2023 16:40,1049
Circaea lutetiana,,9,3,3,6/29/2023 16:40,1049
Acer negundo,,9,2,7,6/29/2023 16:40,1049
Phalaris arundinacea,,9,4,4,6/29/2023 16:40,1049
Phragmites australis subsp. Australis,,1,10,10,6/29/2023 18:34,968PV968
Phragmites australis subsp. Australis,,2,10,10,6/29/2023 18:34,968PV968
Solanum dulcamara,,2,1,1,6/29/2023 18:34,968PV968
Dicot sp.,Dicot sp(likely acer rubrum),2,1,1,6/29/2023 18:34,968PV968
Phragmites australis subsp. Australis,,3,10,10,6/29/2023 18:34,968PV968
Dicot sp. 2,Dicot 2 cotyledon,3,1,1,6/29/2023 18:34,968PV968
Impatiens sp.,,3,1,1,6/29/2023 18:34,968PV968
Dicot sp. 1,Dicot 1,3,1,1,6/29/2023 18:34,968PV968
Phragmites australis subsp. Australis,,4,10,10,6/29/2023 18:34,968PV968
Dicot sp. 1,Dicot 1,10,1,1,6/29/2023 18:34,968PV968
Celastrus orbiculatus,,3,2,2,6/29/2023 18:59,968PV968
Phalaris arundinacea,,2,10,10,7/6/2023 15:00,1043
Impatiens sp.,,2,5,5,7/6/2023 15:00,1043
Bidens sp 1,3 to 5 leaflets,2,2,2,7/6/2023 15:00,1043
Polygonum persicaria,,2,3,3,7/6/2023 15:00,1043
Rosa multiflora,,2,1,1,7/6/2023 15:00,1043
Rumex obtusifolius,,2,2,2,7/6/2023 15:00,1043
Amphicarpaea bracteata,,2,2,2,7/6/2023 15:00,1043
Pilea pumila,,2,2,2,7/6/2023 15:00,1043
Leersia virginica,,2,2,2,7/6/2023 15:00,1043
Glechoma hederacea,,2,1,1,7/6/2023 15:00,1043
Oxalis stricta,,2,1,1,7/6/2023 15:00,1043
Cryptotaenia canadensis,,2,1,1,7/6/2023 15:00,1043
Alliaria petiolata,,2,1,1,7/6/2023 15:00,1043
Geum sp.,,2,1,1,7/6/2023 15:00,1043
Equisetum arvense,,2,3,3,7/6/2023 15:00,1043
Myosotis scorpioides,,2,2,2,7/6/2023 15:00,1043
Artemisia sp.,,2,1,1,7/6/2023 15:00,1043
Plantago major,,2,1,1,7/6/2023 15:00,1043
Erechtites hieracifolia,,2,1,1,7/6/2023 15:00,1043
Dipsacus fullonum,,2,1,1,7/6/2023 15:00,1043
Dicot sp.,Dicot sp.,2,1,1,7/6/2023 15:00,1043
Daucus carota,,2,1,1,7/6/2023 15:00,1043
Chenopodium sp.,Chenopodium sp.,2,2,2,7/6/2023 15:00,1043
Ranunculus sp.,,2,1,1,7/6/2023 15:00,1043
Phalaris arundinacea,,3,10,10,7/6/2023 15:00,1043
Cardamine sp.,,3,1,1,7/6/2023 15:00,1043
Ulmus americana,,3,,7,7/6/2023 15:00,1043
Impatiens sp.,,3,5,5,7/6/2023 15:00,1043
Phalaris arundinacea,,8,10,10,7/6/2023 15:00,1043
Celastrus orbiculatus,,8,2,2,7/6/2023 15:00,1043
Polygonum persicaria,,8,2,2,7/6/2023 15:00,1043
Equisetum arvense,,8,2,2,7/6/2023 15:00,1043
Equisetum arvense,,3,2,2,7/6/2023 15:00,1043
Polygonum persicaria,,3,2,2,7/6/2023 15:00,1043
Impatiens sp.,,8,4,4,7/6/2023 15:00,1043
Phalaris arundinacea,,9,10,10,7/6/2023 15:00,1043
Pilea pumila,,9,1,1,7/6/2023 15:00,1043
Epilobium coloratum,,9,,1,7/6/2023 15:00,1043
Iris pseudacorus,,9,3,3,7/6/2023 15:00,1043
Onoclea sensibilis,,9,3,3,7/6/2023 15:00,1043
Dicot sp.,Seedling,9,1,1,7/6/2023 15:00,1043
Equisetum arvense,,9,4,4,7/6/2023 15:00,1043
Impatiens sp.,,9,5,5,7/6/2023 15:00,1043
Calystegia sepium,,2,1,1,7/7/2023 15:11,1047
Typha angustifolia,,2,4,4,7/7/2023 15:11,1047
Typha latifolia,,2,1,1,7/7/2023 15:11,1047
Boehmeria cylindrica,,2,1,1,7/7/2023 15:11,1047
Acer sp.,Seedling,2,1,1,7/7/2023 15:11,1047
Poa sp.,,2,2,2,7/7/2023 15:11,1047
Dicot sp.,Dicot sp.,2,2,2,7/7/2023 15:11,1047
Phragmites australis subsp. Australis,,2,9,9,7/7/2023 15:11,1047
Phalaris arundinacea,,2,5,5,7/7/2023 15:11,1047
Scutellaria lateriflora,,2,2,2,7/7/2023 15:11,1047
Salix nigra,,2,10,8,7/7/2023 15:11,1047
Typha x glauca,,2,2,2,7/7/2023 15:11,1047
Phragmites australis subsp. Australis,,3,6,6,7/7/2023 15:11,1047
Phalaris arundinacea,,3,8,8,7/7/2023 15:11,1047
Erechtites hieracifolia,,3,1,1,7/7/2023 15:11,1047
Typha angustifolia,,3,6,6,7/7/2023 15:11,1047
Typha x glauca,,3,6,6,7/7/2023 15:11,1047
Dicot sp.,Dicot sp.,3,3,3,7/7/2023 15:11,1047
Monocot sp.,Monocot sp,3,2,2,7/7/2023 15:11,1047
Typha latifolia,,3,3,3,7/7/2023 15:11,1047
Scutellaria lateriflora,,3,2,2,7/7/2023 15:11,1047
Salix exigua,,3,6,6,7/7/2023 15:11,1047
Phragmites australis subsp. Australis,,8,5,5,7/7/2023 15:11,1047
Phalaris arundinacea,,8,9,9,7/7/2023 15:11,1047
Typha angustifolia,,8,5,5,7/7/2023 15:11,1047
Typha x glauca,,8,3,3,7/7/2023 15:11,1047
Salix exigua,,8,7,7,7/7/2023 15:11,1047
Dicot sp,Dicot sp,8,2,2,7/7/2023 15:11,1047
Phragmites australis subsp. Australis,,9,9,9,7/7/2023 15:11,1047
Phalaris arundinacea,,9,6,6,7/7/2023 15:11,1047
Typha angustifolia,,9,4,4,7/7/2023 15:11,1047
Impatiens sp.,,9,3,3,7/7/2023 15:11,1047
Salix nigra,,9,,8,7/7/2023 15:11,1047
Salix exigua,,9,3,3,7/7/2023 15:11,1047
Phalaris arundinacea,,2,5,5,7/7/2023 18:58,970
Elymus virginicus,,2,5,5,7/7/2023 18:58,970
Scutellaria lateriflora,,2,4,4,7/7/2023 18:58,970
Myosotis scorpioides,,2,4,4,7/7/2023 18:58,970
Toxicodendron radicans,,2,4,4,7/7/2023 18:58,970
Glyceria striata,,2,6,6,7/7/2023 18:58,970
Cinna arundinacea,,2,3,3,7/7/2023 18:58,970
Polygonum persicaria,,2,3,3,7/7/2023 18:58,970
Lysimachia nummularia,,2,3,3,7/7/2023 18:58,970
Carex tribuloides,,2,4,4,7/7/2023 18:58,970
Agrostis stolonifera,,2,5,5,7/7/2023 18:58,970
Rosa multiflora,,2,3,3,7/7/2023 18:58,970
Fraxinus pennsylvanica,,2,4,4,7/7/2023 18:58,970
Cardamine sp.,Voucher,2,2,2,7/7/2023 18:58,970
Polygonum sp.,,2,2,2,7/7/2023 18:58,970
Solidago gigantea,,2,3,3,7/7/2023 18:58,970
Acer negundo,,2,6,6,7/7/2023 18:58,970
Acer rubrum,,2,1,1,7/7/2023 18:58,970
Carex intumescens,,2,2,2,7/7/2023 18:58,970
Leersia virginica,,2,2,2,7/7/2023 18:58,970
Impatiens sp.,,2,3,3,7/7/2023 18:58,970
Geum canadense,,2,2,2,7/7/2023 18:58,970
Iris pseudacorus,,2,2,2,7/7/2023 18:58,970
Viburnum dentatum,,2,2,2,7/7/2023 18:58,970
Acer saccharinum,,2,,6,7/7/2023 18:58,970
Phalaris arundinacea,,3,5,5,7/7/2023 18:58,970
Elymus virginicus,,3,6,6,7/7/2023 18:58,970
Solidago gigantea,,3,4,4,7/7/2023 18:58,970
Toxicodendron radicans,,3,5,5,7/7/2023 18:58,970
Rosa multiflora,,3,4,4,7/7/2023 18:58,970
Ligustrum vulgare,,3,2,2,7/7/2023 18:58,970
Aegopodium podagraria,Aegopodium podagraria,3,6,6,7/7/2023 18:58,970
Polygonum persicaria,,3,6,6,7/7/2023 18:58,970
Impatiens capensis,,3,4,4,7/7/2023 18:58,970
Boehmeria cylindrica,,3,3,3,7/7/2023 18:58,970
Carex intumescens,,3,2,2,7/7/2023 18:58,970
Leersia virginica,,3,4,4,7/7/2023 18:58,970
Polygonum sp.,,3,2,2,7/7/2023 18:58,970
Carex crinita,,3,3,3,7/7/2023 18:58,970
Sisymbrium altissimum,,3,2,2,7/7/2023 18:58,970
Lysimachia nummularia,,3,3,3,7/7/2023 18:58,970
Carya cordiformis,,3,1,1,7/7/2023 18:58,970
Scutellaria lateriflora,,3,4,4,7/7/2023 18:58,970
Geum canadense,,3,2,2,7/7/2023 18:58,970
Myosotis scorpioides,,3,3,3,7/7/2023 18:58,970
Agrostis stolonifera,,3,6,6,7/7/2023 18:58,970
Carex tribuloides,,3,3,3,7/7/2023 18:58,970
Cardamine sp.,,3,2,2,7/7/2023 18:58,970
Fraxinus pennsylvanica,,3,4,4,7/7/2023 18:58,970
Carex vulpinoidea,,3,2,2,7/7/2023 18:58,970
Carex blanda,,3,2,2,7/7/2023 18:58,970
Carex bromoides,,3,2,2,7/7/2023 18:58,970
Vitis riparia,,3,1,1,7/7/2023 18:58,970
Glyceria striata,,3,4,4,7/7/2023 18:58,970
Equisetum arvense,,3,2,2,7/7/2023 18:58,970
Acer negundo,,3,3,6,7/7/2023 18:58,970
Populus deltoides,,3,,7,7/7/2023 18:58,970
Acer saccharinum,,3,1,7,7/7/2023 18:58,970
Acer rubrum,,3,1,,7/7/2023 18:58,970
Cinna arundinacea,,3,2,2,7/7/2023 18:58,970
Elymus virginicus,,8,7,7,7/10/2023 19:41,970
Polygonum persicaria,,8,6,6,7/10/2023 19:41,970
Agrostis stolonifera,,8,6,6,7/10/2023 19:41,970
Glyceria striata,,8,6,6,7/10/2023 19:41,970
Toxicodendron radicans,,8,5,5,7/10/2023 19:41,970
Myosotis scorpioides,,8,7,7,7/10/2023 19:41,970
Fraxinus pennsylvanica,,8,4,4,7/10/2023 19:41,970
Ligustrum vulgare,,8,2,2,7/10/2023 19:41,970
Loniciera maackii,,8,2,2,7/10/2023 19:41,970
Acer saccharinum,,8,1,8,7/10/2023 19:41,970
Impatiens capensis,,8,2,2,7/10/2023 19:41,970
Geum canadense,,8,2,2,7/10/2023 19:41,970
Cinna arundinacea,,8,3,3,7/10/2023 19:41,970
Lysimachia nummularia,,8,5,5,7/10/2023 19:41,970
Rosa multiflora,,8,3,3,7/10/2023 19:41,970
Scutellaria lateriflora,,8,4,4,7/10/2023 19:41,970
Ulmus americana,,8,2,2,7/10/2023 19:41,970
Carex tribuloides,,8,4,4,7/10/2023 19:41,970
Boehmeria cylindrica,,8,2,2,7/10/2023 19:41,970
Phalaris arundinacea,,8,4,4,7/10/2023 19:41,970
Carex intumescens,,8,2,2,7/10/2023 19:41,970
Symphyotrichum lanceolatum,No hair,8,3,3,7/10/2023 19:41,970
Leersia virginica,,8,3,3,7/10/2023 19:41,970
Carex sp. 1,Thin leaves,8,2,2,7/10/2023 19:41,970
Chelone glabra,,8,2,2,7/10/2023 19:41,970
Carex bromoides,,8,3,3,7/10/2023 19:41,970
Polygonum sp.,Same,8,2,2,7/10/2023 19:41,970
Carex blanda,,8,2,2,7/10/2023 19:41,970
Carya cordiformis,,8,1,1,7/10/2023 19:41,970
Acer negundo,,8,6,6,7/10/2023 19:41,970
Lysimachia nummularia,,9,8,8,7/10/2023 19:41,970
Phalaris arundinacea,,9,5,5,7/10/2023 19:41,970
Ranunculus sp.,,9,5,5,7/10/2023 19:41,970
Elymus virginicus,,9,6,6,7/10/2023 19:41,970
Toxicodendron radicans,,9,4,4,7/10/2023 19:41,970
Symphyotrichum lanceolatum,,9,2,2,7/10/2023 19:41,970
Carex tribuloides,,9,4,4,7/10/2023 19:41,970
Carex intumescens,,9,3,3,7/10/2023 19:41,970
Chelone glabra,,9,4,4,7/10/2023 19:41,970
Robinia pseudoacacia,,9,2,2,7/10/2023 19:41,970
Glyceria striata,,9,4,4,7/10/2023 19:41,970
Boehmeria cylindrica,,9,2,2,7/10/2023 19:41,970
Rosa multiflora,,9,5,5,7/10/2023 19:41,970
Scutellaria lateriflora,,9,5,5,7/10/2023 19:41,970
Myosotis scorpioides,,9,4,4,7/10/2023 19:41,970
Polygonum persicaria,,9,3,3,7/10/2023 19:41,970
Crataegus sp.,,9,2,2,7/10/2023 19:41,970
Geum canadense,,9,2,2,7/10/2023 19:41,970
Cinna arundinacea,,9,3,3,7/10/2023 19:41,970
Viburnum dentatum,,9,2,2,7/10/2023 19:41,970
Acer saccharinum,,9,1,7,7/10/2023 19:41,970
Acer negundo,,9,5,5,7/10/2023 19:41,970
Equisetum arvense,,9,2,2,7/10/2023 19:41,970
Polygonum sp.,Same,9,2,2,7/10/2023 19:41,970
Populus deltoides,,9,,7,7/10/2023 19:41,970
Fraxinus pennsylvanica,,9,4,4,7/10/2023 19:41,970
Boehmeria cylindrica,,2,6,6,7/10/2023 21:08,970PV
Scutellaria lateriflora,,2,2,2,7/10/2023 21:08,970PV
Toxicodendron radicans,,2,3,3,7/10/2023 21:08,970PV
Polygonum persicaria,,2,2,2,7/10/2023 21:08,970PV
Acer x freemanii,,2,2,6,7/10/2023 21:08,970PV
Acer saccharinum,,2,,6,7/10/2023 21:08,970PV
Lysimachia nummularia,,2,2,2,7/10/2023 21:08,970PV
Menispermum candense,Moonseed,2,1,1,7/10/2023 21:08,970PV
Fraxinus pennsylvanica,,2,2,2,7/10/2023 21:08,970PV
Populus deltoides,,2,8,8,7/10/2023 21:08,970PV
Leersia virginica,,2,1,1,7/10/2023 21:08,970PV
Boehmeria cylindrica,,3,5,5,7/10/2023 21:08,970PV
Toxicodendron radicans,,3,2,2,7/10/2023 21:08,970PV
Scutellaria lateriflora,,3,3,3,7/10/2023 21:08,970PV
Polygonum persicaria,,3,2,2,7/10/2023 21:08,970PV
Acer x freemanii,,3,3,7,7/10/2023 21:08,970PV
Acer saccharinum,,3,2,7,7/10/2023 21:08,970PV
Salix alba,,3,,7,7/10/2023 21:08,970PV
Leersia virginica,,3,2,2,7/10/2023 21:08,970PV
Populus deltoides,,3,,7,7/10/2023 21:08,970PV
Phalaris arundinacea,,8,5,5,7/10/2023 21:08,970PV
Boehmeria cylindrica,,8,6,6,7/10/2023 21:08,970PV
Leersia virginica,,8,3,3,7/10/2023 21:08,970PV
Cardamine sp.,,8,3,3,7/10/2023 21:08,970PV
Taraxacum officinale,,8,1,1,7/10/2023 21:08,970PV
Scutellaria lateriflora,,8,4,4,7/10/2023 21:08,970PV
Toxicodendron radicans,,8,2,2,7/10/2023 21:08,970PV
Polygonum sp.,,8,2,2,7/10/2023 21:08,970PV
Acer x freemanii,,8,2,6,7/10/2023 21:08,970PV
Acer saccharinum,,8,2,7,7/10/2023 21:08,970PV
Populus deltoides,,8,,6,7/10/2023 21:08,970PV
Chelone glabra,,8,2,2,7/10/2023 21:08,970PV
Polygonum persicaria,,8,3,3,7/10/2023 21:08,970PV
Agrostis stolonifera,,8,5,5,7/10/2023 21:08,970PV
Geum canadense,,8,2,2,7/10/2023 21:08,970PV
Parthenocissus quinquefolia,,8,2,2,7/10/2023 21:08,970PV
Elymus virginicus,,8,3,3,7/10/2023 21:08,970PV
Ulmus americana,,8,2,2,7/10/2023 21:08,970PV
Glechoma hederacea,,8,2,2,7/10/2023 21:08,970PV
Carex sp. 1,,8,1,,7/10/2023 21:08,970PV
Lysimachia nummularia,,8,2,2,7/10/2023 21:08,970PV
Boehmeria cylindrica,,9,7,7,7/10/2023 21:08,970PV
Scutellaria lateriflora,,9,5,5,7/10/2023 21:08,970PV
Lysimachia nummularia,,9,2,2,7/10/2023 21:08,970PV
Cardamine sp.,,9,2,2,7/10/2023 21:08,970PV
Senecio glabellus,,9,1,1,7/10/2023 21:08,970PV
Glyceria striata,,9,5,5,7/10/2023 21:08,970PV
Polygonum sp.,,9,1,1,7/10/2023 21:08,970PV
Leersia virginica,,9,2,2,7/10/2023 21:08,970PV
Toxicodendron radicans,,9,3,3,7/10/2023 21:08,970PV
Carex intumescens,,9,2,2,7/10/2023 21:08,970PV
Carya cordiformis,,9,1,1,7/10/2023 21:08,970PV
Fraxinus pennsylvanica,,9,2,2,7/10/2023 21:08,970PV
Phalaris arundinacea,,9,2,2,7/10/2023 21:08,970PV
Cinna arundinacea,,9,2,2,7/10/2023 21:08,970PV
Acer x freemanii,,9,2,7,7/10/2023 21:08,970PV
Acer saccharinum,,9,2,7,7/10/2023 21:08,970PV
Populus deltoides,,9,,8,7/10/2023 21:08,970PV
Typha angustifolia,,1,9,9,7/13/2023 12:03,242VK1
Leersia oryzoides,,1,2,2,7/13/2023 12:03,242VK1
Impatiens capensis,,1,4,4,7/13/2023 12:03,242VK1
Fraxinus pennsylvanica,,1,3,3,7/13/2023 12:03,242VK1
Onoclea sensibilis,,1,7,7,7/13/2023 12:03,242VK1
Symplocarpus foetidus,,1,6,6,7/13/2023 12:03,242VK1
Viburnum dentatum,,1,4,4,7/13/2023 12:03,242VK1
Cirsium arvense,,1,2,2,7/13/2023 12:03,242VK1
Apios americana,,1,5,5,7/13/2023 12:03,242VK1
Viburnum recognitum,,1,5,5,7/13/2023 12:03,242VK1
Rosa multiflora,,1,5,5,7/13/2023 12:03,242VK1
Cornus obliqua,Cornus obliqua,1,6,6,7/13/2023 12:03,242VK1
Lindera benzoin,,1,3,3,7/13/2023 12:03,242VK1
Malus baccata,Malus baccata,1,5,5,7/13/2023 12:03,242VK1
Lonicera morrowii,,1,4,4,7/13/2023 12:03,242VK1
Parthenocissus quinquefolia,,1,2,2,7/13/2023 12:03,242VK1
Scutellaria lateriflora,,1,2,2,7/13/2023 12:03,242VK1
Typha angustifolia,,2,9,9,7/13/2023 12:03,242VK1
Onoclea sensibilis,,2,8,8,7/13/2023 12:03,242VK1
Cornus obliqua,Cornus obliqua,2,5,5,7/13/2023 12:03,242VK1
Impatiens capensis,,2,4,4,7/13/2023 12:03,242VK1
Boehmeria cylindrica,,2,2,2,7/13/2023 12:03,242VK1
Viburnum recognitum,,2,5,5,7/13/2023 12:03,242VK1
Symplocarpus foetidus,,2,8,8,7/13/2023 12:03,242VK1
Rosa multiflora,,2,2,2,7/13/2023 12:03,242VK1
Malus baccata,Malus baccata,2,3,3,7/13/2023 12:03,242VK1
Viburnum dentatum,,2,5,5,7/13/2023 12:03,242VK1
Chelone glabra,,2,2,2,7/13/2023 12:03,242VK1
Apios americana,,2,3,3,7/13/2023 12:03,242VK1
Salix sp.,Discolor?,2,5,5,7/13/2023 12:03,242VK1
Galium aparine,,2,2,2,7/13/2023 12:03,242VK1
Myosotis scorpioides,,2,3,3,7/13/2023 12:03,242VK1
Mentha arvensis,,2,3,3,7/13/2023 12:03,242VK1
Lysimachia nummularia,,2,2,2,7/13/2023 12:03,242VK1
Parthenocissus quinquefolia,,2,2,2,7/13/2023 12:03,242VK1
Asclepias incarnata,,2,2,2,7/13/2023 12:03,242VK1
Typha latifolia,,3,10,10,7/13/2023 12:03,242VK1
Cornus obliqua,Cornus obliqua,3,5,2,7/13/2023 12:03,242VK1
Impatiens capensis,,3,4,4,7/13/2023 12:03,242VK1
Vitis riparia,,3,3,3,7/13/2023 12:03,242VK1
Symplocarpus foetidus,,3,3,3,7/13/2023 12:03,242VK1
Onoclea sensibilis,,3,5,5,7/13/2023 12:03,242VK1
Epilobium coloratum,,3,2,2,7/13/2023 12:03,242VK1
Chelone glabra,,3,2,2,7/13/2023 12:03,242VK1
Typha angustifolia,,4,9,9,7/13/2023 12:03,242VK1
Scutellaria lateriflora,,4,2,2,7/13/2023 12:03,242VK1
Symplocarpus foetidus,,4,4,4,7/13/2023 12:03,242VK1
Onoclea sensibilis,,4,5,5,7/13/2023 12:03,242VK1
Cornus obliqua,Cornus obliqua,4,3,3,7/13/2023 12:03,242VK1
Impatiens capensis,,4,6,6,7/13/2023 12:03,242VK1
Solidago altissima,,4,3,3,7/13/2023 12:03,242VK1
Lonicera japonica,,4,5,5,7/13/2023 12:03,242VK1
Parthenocissus quinquefolia,,4,3,3,7/13/2023 12:03,242VK1
Cirsium arvense,,4,3,3,7/13/2023 12:03,242VK1
Apocynum cannabinum,,4,2,2,7/13/2023 12:03,242VK1
Rosa multiflora,,4,4,4,7/13/2023 12:03,242VK1
Epilobium coloratum,,4,2,2,7/13/2023 12:03,242VK1
Myosotis scorpioides,,4,2,2,7/13/2023 12:03,242VK1
Equisetum arvense,,2,9,9,7/13/2023 12:03,242VK2
Microstegium vimineum,,2,5,5,7/13/2023 12:03,242VK2
Rosa multiflora,,2,6,6,7/13/2023 12:03,242VK2
Phalaris arundinacea,,2,5,5,7/13/2023 12:03,242VK2
Populus deltoides,,2,7,7,7/13/2023 12:03,242VK2
Symplocarpus foetidus,,2,7,7,7/13/2023 12:03,242VK2
Panicum clandestinum,,2,6,6,7/13/2023 12:03,242VK2
Lindera benzoin,,2,4,4,7/13/2023 12:03,242VK2
Eupatorium perfoliatum,,2,2,2,7/13/2023 12:03,242VK2
Festuca arundinacea,Arundicacea,2,6,6,7/13/2023 12:03,242VK2
Agrimonia parviflora,,2,5,5,7/13/2023 12:03,242VK2
Blephilia hirsuta,,2,2,2,7/13/2023 12:03,242VK2
Solidago patula,,2,6,6,7/13/2023 12:03,242VK2
Typha x glauca,,2,3,3,7/13/2023 12:03,242VK2
Eupatorium rugosum,,2,4,4,7/13/2023 12:03,242VK2
Juncus tenuis,,2,3,3,7/13/2023 12:03,242VK2
Epilobium parviflorum,,2,2,2,7/13/2023 12:03,242VK2
Carex cristatella,,2,4,4,7/13/2023 12:03,242VK2
Galium triflorum,,2,5,5,7/13/2023 12:03,242VK2
Lysimachia ciliata,,2,2,2,7/13/2023 12:03,242VK2
Geum canadense,,2,3,3,7/13/2023 12:03,242VK2
Symphyotrichum lateriflorum,,2,5,5,7/13/2023 12:03,242VK2
Solidago rugosa,,2,5,5,7/13/2023 12:03,242VK2
Solidago gigantea,,7,4,4,7/13/2023 12:03,242VK2
Barbarea vulgaris,,2,2,2,7/13/2023 12:03,242VK2
Symphyotrichum prenanthoides,,2,2,2,7/13/2023 12:03,242VK2
Boehmeria cylindrica,,2,2,2,7/13/2023 12:03,242VK2
Parthenocissus quinquefolia,,2,4,4,7/13/2023 12:03,242VK2
Rumex crispus,,2,2,2,7/13/2023 12:03,242VK2
Ulmus americana,,2,2,2,7/13/2023 12:03,242VK2
Cirsium arvense,,2,3,3,7/13/2023 12:03,242VK2
Amphicarpaea bracteata,,2,2,2,7/13/2023 12:03,242VK2
Glyceria striata,,2,2,2,7/13/2023 12:03,242VK2
Clematis virginica,,2,2,2,7/13/2023 12:03,242VK2
Carex vulpinoidea,,2,3,3,7/13/2023 12:03,242VK2
Vitis riparia,,2,3,3,7/13/2023 12:03,242VK2
Fraxinus pennsylvanica,,2,3,3,7/13/2023 12:03,242VK2
Toxicodendron radicans,,2,7,7,7/13/2023 12:03,242VK2
Erigeron annuus,Erigeron annuus,2,3,3,7/13/2023 12:03,242VK2
Torilis japonica,,2,3,3,7/13/2023 12:03,242VK2
Impatiens capensis,,2,3,3,7/13/2023 12:03,242VK2
Juglans nigra,,2,2,2,7/13/2023 12:03,242VK2
Apocynum cannabinum,,2,2,2,7/13/2023 12:03,242VK2
Platanus occidentalis,,2,5,6,7/13/2023 12:03,242VK2
Solidago altissima,,2,3,3,7/13/2023 12:03,242VK2
Phragmites australis subsp. Australis,,2,4,4,7/13/2023 12:03,242VK2
Carex sp. 1,Likely blanda,2,2,2,7/13/2023 12:03,242VK2
Lysimachia nummularia,,2,5,5,7/13/2023 12:03,242VK2
Senecio obovatus,,2,2,2,7/13/2023 12:03,242VK2
Elymus sp.,Hystrix likely,2,4,4,7/13/2023 12:03,242VK2
Senecio aureus,,2,2,2,7/13/2023 12:03,242VK2
Myosotis scorpioides,,2,2,2,7/13/2023 12:03,242VK2
Epilobium coloratum,,2,2,2,7/13/2023 12:03,242VK2
Leersia virginica,,2,3,3,7/13/2023 12:03,242VK2
Satureja vulgaris,Satureja vulgaris,2,2,2,7/13/2023 12:03,242VK2
Glechoma hederacea,,2,3,3,7/13/2023 12:03,242VK2
Agrostic gigantea,,2,3,3,7/13/2023 12:03,242VK2
Viburnum opulus var. opulus,,2,2,2,7/13/2023 12:03,242VK2
Eleagnus umbellata,Eleagnus angustifolia,2,2,2,7/13/2023 12:03,242VK2
Malus sp.,Malus sp.,2,2,2,7/13/2023 12:03,242VK2
Rhamnus frangula,,2,1,1,7/13/2023 12:03,242VK2
Desmodium paniculatum,,2,2,2,7/13/2023 12:03,242VK2
Carex sp. 1,Like aurea but not orange,2,2,2,7/13/2023 12:03,242VK2
Carex lurida,,2,3,3,7/13/2023 12:03,242VK2
Rudbeckia laciniata,,2,2,2,7/13/2023 12:03,242VK2
Salix humilis,Salix humilis,2,3,3,7/13/2023 12:03,242VK2
Cornus racemosa,,2,4,4,7/13/2023 12:03,242VK2
Salix exigua,,2,3,3,7/13/2023 12:03,242VK2
Salix nigra,,2,4,4,7/13/2023 12:03,242VK2
Dicot sp.,Vouchered,2,2,2,7/13/2023 12:03,242VK2
Panicum clandestinum,,3,6,6,7/14/2023 14:48,242VK2
Rosa multiflora,,3,6,6,7/14/2023 14:48,242VK2
Platanus occidentalis,,3,5,6,7/14/2023 14:48,242VK2
Equisetum arvense,,3,9,9,7/14/2023 14:48,242VK2
Symplocarpus foetidus,,3,6,6,7/14/2023 14:48,242VK2
Salix nigra,,3,5,5,7/14/2023 14:48,242VK2
Loniciera maackii,,3,3,3,7/14/2023 14:48,242VK2
Phalaris arundinacea,,3,5,5,7/14/2023 14:48,242VK2
Solidago patula,,3,6,6,7/14/2023 14:48,242VK2
Microstegium vimineum,,3,7,7,7/14/2023 14:48,242VK2
Agrimonia parviflora,,3,4,4,7/14/2023 14:48,242VK2
Cirsium vulgare,,3,3,3,7/14/2023 14:48,242VK2
Ulmus americana,,3,2,2,7/14/2023 14:48,242VK2
Salix discolor,Salix discolor,3,4,4,7/14/2023 14:48,242VK2
Lindera benzoin,,3,5,5,7/14/2023 14:48,242VK2
Dactylis glomerata,,3,2,2,7/14/2023 14:48,242VK2
Erigeron annuus,Erigeron annuus,3,2,2,7/14/2023 14:48,242VK2
Lonicera tatarica,,3,3,3,7/14/2023 14:48,242VK2
Eupatorium perfoliatum,,3,2,2,7/14/2023 14:48,242VK2
Aesculus glabra,,3,2,2,7/14/2023 14:48,242VK2
Polygonum persicaria,,3,2,2,7/14/2023 14:48,242VK2
Onoclea sensibilis,,3,2,2,7/14/2023 14:48,242VK2
Vitis riparia,,3,4,4,7/14/2023 14:48,242VK2
Eupatorium rugosum,,3,3,3,7/14/2023 14:48,242VK2
Toxicodendron radicans,,3,7,7,7/14/2023 14:48,242VK2
Scirpus polyphyllus,,3,3,3,7/14/2023 14:48,242VK2
Festuca arundinacea,Festuca arundinacea,3,5,5,7/14/2023 14:48,242VK2
Symphyotrichum prenanthoides,,3,4,4,7/14/2023 14:48,242VK2
Torilis japonica,,3,2,2,7/14/2023 14:48,242VK2
Galium triflorum,,3,4,4,7/14/2023 14:48,242VK2
Rudbeckia laciniata,,3,3,3,7/14/2023 14:48,242VK2
Amphicarpaea bracteata,,3,2,2,7/14/2023 14:48,242VK2
Geum canadense,,3,2,2,7/14/2023 14:48,242VK2
Epilobium parviflorum,,3,2,2,7/14/2023 14:48,242VK2
Parthenocissus quinquefolia,,3,3,3,7/14/2023 14:48,242VK2
Agrostic gigantea,,3,3,3,7/14/2023 14:48,242VK2
Carex vulpinoidea,,3,2,2,7/14/2023 14:48,242VK2
Carex cristatella,,3,2,2,7/14/2023 14:48,242VK2
Clematis virginica,,3,3,3,7/14/2023 14:48,242VK2
Apocynum cannabinum,,3,2,2,7/14/2023 14:48,242VK2
Circaea lutetiana,,3,2,2,7/14/2023 14:48,242VK2
Solidago altissima,,3,4,4,7/14/2023 14:48,242VK2
Lysimachia ciliata,,3,2,2,7/14/2023 14:48,242VK2
Cornus racemosa,,3,3,3,7/14/2023 14:48,242VK2
Blephilia hirsuta,,3,2,2,7/14/2023 14:48,242VK2
Solidago gigantea,,3,3,3,7/14/2023 14:48,242VK2
Poa sp.,Pratensis,3,5,5,7/14/2023 14:48,242VK2
Leersia virginica,,3,2,2,7/14/2023 14:48,242VK2
Solidago rugosa,,3,2,2,7/14/2023 14:48,242VK2
Symphyotrichum lateriflorum,,3,3,3,7/14/2023 14:48,242VK2
Fraxinus pennsylvanica,,3,2,2,7/14/2023 14:48,242VK2
Elymus riparius,,3,3,3,7/14/2023 14:48,242VK2
Erigeron pulchellus,,3,1,1,7/14/2023 14:48,242VK2
Eupatorium maculatum,,3,2,2,7/14/2023 14:48,242VK2
Mentha arvensis,,3,2,2,7/14/2023 14:48,242VK2
Impatiens capensis,,3,4,4,7/14/2023 14:48,242VK2
Rosa multiflora,,8,6,6,7/14/2023 14:48,242VK2
Symplocarpus foetidus,,8,6,6,7/14/2023 14:48,242VK2
Panicum clandestinum,,8,5,5,7/14/2023 14:48,242VK2
Scirpus polyphyllus,,8,4,4,7/14/2023 14:48,242VK2
Equisetum arvense,,8,7,7,7/14/2023 14:48,242VK2
Microstegium vimineum,,8,8,8,7/14/2023 14:48,242VK2
Lysimachia nummularia,,8,8,8,7/14/2023 14:48,242VK2
Typha x glauca,,8,4,4,7/14/2023 14:48,242VK2
Solidago patula,,8,6,6,7/14/2023 14:48,242VK2
Agrimonia parviflora,,8,4,4,7/14/2023 14:48,242VK2
Solidago gigantea,,8,3,3,7/14/2023 14:48,242VK2
Symphyotrichum prenanthoides,,8,3,3,7/14/2023 14:48,242VK2
Eupatorium maculatum,,8,2,2,7/14/2023 14:48,242VK2
Elymus riparius,,8,4,4,7/14/2023 14:48,242VK2
Verbena urticifolia,,8,2,2,7/14/2023 14:48,242VK2
Lysimachia ciliata,,8,2,2,7/14/2023 14:48,242VK2
Ligustrum vulgare,,8,2,2,7/14/2023 14:48,242VK2
Carex cristatella,,8,3,3,7/14/2023 14:48,242VK2
Ulmus americana,,8,3,3,7/14/2023 14:48,242VK2
Geum canadense,,8,3,3,7/14/2023 14:48,242VK2
Agrostis stolonifera,,8,2,2,7/14/2023 14:48,242VK2
Apocynum cannabinum,,8,2,2,7/14/2023 14:48,242VK2
Epilobium parviflorum,,8,3,3,7/14/2023 14:48,242VK2
Toxicodendron radicans,,8,5,5,7/14/2023 14:48,242VK2
Polygonum persicaria,,8,2,2,7/14/2023 14:48,242VK2
Spiraea alba,Spiraea alba,8,3,3,7/14/2023 14:48,242VK2
Barbarea vulgaris,,8,2,2,7/14/2023 14:48,242VK2
Impatiens capensis,,8,5,5,7/14/2023 14:48,242VK2
Leersia virginica,,8,3,3,7/14/2023 14:48,242VK2
Cryptotaenia canadensis,,8,2,2,7/14/2023 14:48,242VK2
Rhamnus frangula,,8,2,2,7/14/2023 14:48,242VK2
Lindera benzoin,,8,4,4,7/14/2023 14:48,242VK2
Loniciera maackii,,8,2,2,7/14/2023 14:48,242VK2
Circaea lutetiana,,8,3,3,7/14/2023 14:48,242VK2
Arisaema triphyllum subsp. triphyllum,,8,2,2,7/14/2023 14:48,242VK2
Solanum dulcamara,,8,2,2,7/14/2023 14:48,242VK2
Arctium minus,,8,2,2,7/14/2023 14:48,242VK2
Aesculus glabra,,8,4,4,7/14/2023 14:48,242VK2
Torilis japonica,,8,3,3,7/14/2023 14:48,242VK2
Parthenocissus quinquefolia,,8,3,3,7/14/2023 14:48,242VK2
Carex sp. 1,Blanda likely,8,2,2,7/14/2023 14:48,242VK2
Lonicera japonica,,8,2,2,7/14/2023 14:48,242VK2
Onoclea sensibilis,,8,2,2,7/14/2023 14:48,242VK2
Eupatorium rugosum,,8,4,4,7/14/2023 14:48,242VK2
Clematis virginica,,8,3,3,7/14/2023 14:48,242VK2
Symphyotrichum lateriflorum,,8,5,5,7/14/2023 14:48,242VK2
Glyceria striata,,8,2,2,7/14/2023 14:48,242VK2
Rumex crispus,,8,2,2,7/14/2023 14:48,242VK2
Ranunculus sp.,,8,2,2,7/14/2023 14:48,242VK2
Solidago canadensis,,8,2,2,7/14/2023 14:48,242VK2
Aster umbellatus,,8,2,2,7/14/2023 14:48,242VK2
Rudbeckia laciniata,,8,2,2,7/14/2023 14:48,242VK2
Cirsium arvense,,8,2,2,7/14/2023 14:48,242VK2
Galium triflorum,,8,5,5,7/14/2023 14:48,242VK2
Cornus racemosa,,8,3,3,7/14/2023 14:48,242VK2
Platanus occidentalis,,8,5,8,7/14/2023 14:48,242VK2
Salix discolor,,8,4,4,7/14/2023 14:48,242VK2
Salix nigra,,8,3,3,7/14/2023 14:48,242VK2
Carex vulpinoidea,,8,4,4,7/14/2023 14:48,242VK2
Carex bromoides,,8,2,2,7/14/2023 14:48,242VK2
Monocot sp.  ,Monocot sp.  ,8,2,2,7/14/2023 14:48,242VK2
Elaeagnus umbellata,,9,6,6,7/14/2023 14:48,242VK2
Typha x glauca,,9,4,4,7/14/2023 14:48,242VK2
Rosa multiflora,,9,6,6,7/14/2023 14:48,242VK2
Barbarea vulgaris,,9,2,2,7/14/2023 14:48,242VK2
Ulmus americana,,9,5,5,7/14/2023 14:48,242VK2
Vitis riparia,,9,3,3,7/14/2023 14:48,242VK2
Torilis japonica,,9,3,3,7/14/2023 14:48,242VK2
Toxicodendron radicans,,9,6,6,7/14/2023 14:48,242VK2
Microstegium vimineum,,9,8,8,7/14/2023 14:48,242VK2
Polygonum persicaria,,9,2,2,7/14/2023 14:48,242VK2
Rumex obtusifolius,,9,2,2,7/14/2023 14:48,242VK2
Leersia virginica,,9,2,2,7/14/2023 14:48,242VK2
Galium triflorum,,9,2,2,7/14/2023 14:48,242VK2
Festuca arundinacea,Festuca arundinacea,9,3,3,7/14/2023 14:48,242VK2
Eupatorium maculatum,,9,3,3,7/14/2023 14:48,242VK2
Apocynum cannabinum,,9,3,3,7/14/2023 14:48,242VK2
Teucrium canadense,,9,2,2,7/14/2023 14:48,242VK2
Ligustrum vulgare,,9,5,5,7/14/2023 14:48,242VK2
Scirpus atrovirens,,9,3,3,7/14/2023 14:48,242VK2
Aster umbellatus,,9,3,3,7/14/2023 14:48,242VK2
Salix nigra,,9,4,6,7/14/2023 14:48,242VK2
Scirpus polyphyllus,,9,4,4,7/14/2023 14:48,242VK2
Monocot sp. ,Monocot sp.  same,9,2,2,7/14/2023 14:48,242VK2
Loniciera maackii,,9,2,2,7/14/2023 14:48,242VK2
Erigeron philadelphicus,,9,2,2,7/14/2023 14:48,242VK2
Symplocarpus foetidus,,9,7,7,7/14/2023 14:48,242VK2
Juncus tenuis,,9,2,2,7/14/2023 14:48,242VK2
Juncus effusus,,9,2,2,7/14/2023 14:48,242VK2
Agrimonia parviflora,,9,4,4,7/14/2023 14:48,242VK2
Carex cristatella,,9,5,5,7/14/2023 14:48,242VK2
Carex vulpinoidea,,9,6,6,7/14/2023 14:48,242VK2
Vernonia gigantea,,9,2,2,7/14/2023 14:48,242VK2
Lindera benzoin,,9,3,3,7/14/2023 14:48,242VK2
Carex sp. 1,Like auea vouchered,9,2,2,7/14/2023 14:48,242VK2
Salix discolor,,9,3,3,7/14/2023 14:48,242VK2
Verbena urticifolia,,9,2,2,7/14/2023 14:48,242VK2
Epilobium parviflorum,,9,2,2,7/14/2023 14:48,242VK2
Solidago rugosa,,9,3,3,7/14/2023 14:48,242VK2
Platanus occidentalis,,9,4,6,7/14/2023 14:48,242VK2
Elymus riparius,,9,5,5,7/14/2023 14:48,242VK2
Solidago altissima,,9,2,2,7/14/2023 14:48,242VK2
Lonicera morrowii,,9,3,3,7/14/2023 14:48,242VK2
Polygonum sagittatum,,9,2,2,7/14/2023 14:48,242VK2
Polygonum sagittatum,,8,2,2,7/14/2023 14:48,242VK2
Cirsium arvense,,9,2,2,7/14/2023 14:48,242VK2
Eupatorium perfoliatum,,9,2,2,7/14/2023 14:48,242VK2
Phalaris arundinacea,,9,3,3,7/14/2023 14:48,242VK2
Lonicera japonica,,9,3,3,7/14/2023 14:48,242VK2
Agrostis stolonifera,,9,3,3,7/14/2023 14:48,242VK2
Symphyotrichum prenanthoides,,9,3,3,7/14/2023 14:48,242VK2
Cratageus punctata,,9,2,2,7/14/2023 14:48,242VK2
Geum canadense,,9,2,2,7/14/2023 14:48,242VK2
Myosotis scorpioides,,9,2,2,7/14/2023 14:48,242VK2
Rudbeckia laciniata,,9,2,2,7/14/2023 14:48,242VK2
Eupatorium rugosum,,9,3,3,7/14/2023 14:48,242VK2
Clematis virginica,,9,3,3,7/14/2023 14:48,242VK2
Glyceria striata,,9,2,2,7/14/2023 14:48,242VK2
Symphyotrichum lateriflorum,,9,5,5,7/14/2023 14:48,242VK2
Erigeron pulchellus,,9,2,2,7/14/2023 14:48,242VK2
Solidago patula,,9,6,6,7/14/2023 14:48,242VK2
Carex lurida,,9,2,2,7/14/2023 14:48,242VK2
Quercus rubra,,9,3,3,7/14/2023 14:48,242VK2
Stellaria sp.,,9,2,2,7/14/2023 14:48,242VK2
Equisetum arvense,,9,7,7,7/14/2023 14:48,242VK2
Circaea lutetiana,,9,2,2,7/14/2023 14:48,242VK2
Boehmeria cylindrica,,9,2,2,7/14/2023 14:48,242VK2
Lysimachia ciliata,,9,2,2,7/14/2023 14:48,242VK2
Lysimachia nummularia,,9,5,5,7/14/2023 14:48,242VK2
Typha latifolia,,1,4,4,7/14/2023 18:43,241VK4
Phalaris arundinacea,,1,4,4,7/14/2023 18:43,242VK4
Cornus obliqua,Cornus obliqua,1,6,6,7/14/2023 18:43,241VK4
Impatiens capensis,,1,9,9,7/14/2023 18:43,241VK4
Rumex obtusifolius,,1,2,2,7/14/2023 18:43,241VK4
Verbena urticifolia,,1,2,2,7/14/2023 18:43,241VK4
Teucrium canadense,,1,3,3,7/14/2023 18:43,241VK4
Solidago patula,,1,2,2,7/14/2023 18:43,241VK4
Sambucus canadensis,,1,6,6,7/14/2023 18:43,241VK4
Hackelia virginiana,,1,2,2,7/14/2023 18:43,241VK4
Ranunculus hispidus var. nitidus ,Ranunculus septentrionalis,1,2,2,7/14/2023 18:43,241VK4
Glyceria striata,,1,4,4,7/14/2023 18:43,241VK4
Onoclea sensibilis,,1,4,4,7/14/2023 18:43,241VK4
Symphyotrichum lanceolatum,,1,3,3,7/14/2023 18:43,241VK4
Oxalis stricta,,1,2,2,7/14/2023 18:43,241VK4
Platanus occidentalis,,1,4,4,7/14/2023 18:43,241VK4
Calystegia sepium,,1,3,3,7/14/2023 18:43,241VK4
Apios americana,,1,5,5,7/14/2023 18:43,241VK4
Vitis riparia,,1,2,2,7/14/2023 18:43,241VK4
Eupatorium maculatum,,1,3,3,7/14/2023 18:43,241VK4
Polygonum persicaria,,1,2,2,7/14/2023 18:43,241VK4
Pilea pumila,,1,2,2,7/14/2023 18:43,241VK4
Equisetum arvense,,1,4,4,7/14/2023 18:43,241VK4
Ribes americanum,,1,4,4,7/14/2023 18:43,241VK4
Solidago altissima,,1,2,2,7/14/2023 18:43,241VK4
Circaea lutetiana,,1,2,2,7/14/2023 18:43,241VK4
Lysimachia ciliata,,1,4,4,7/14/2023 18:43,241VK4
Ulmus americana,,1,4,4,7/14/2023 18:43,241VK4
Rosa multiflora,,1,3,3,7/14/2023 18:43,241VK4
Dioscorea villosa,,1,4,4,7/14/2023 18:43,241VK4
Agrimonia parviflora,,1,3,3,7/14/2023 18:43,241VK4
Salix nigra,,1,5,5,7/14/2023 18:43,241VK4
Boehmeria cylindrica,,1,3,3,7/14/2023 18:43,241VK4
Leersia oryzoides,,1,5,5,7/14/2023 18:43,241VK4
Elymus virginicus,,1,2,2,7/14/2023 18:43,241VK4
Symphyotrichum lateriflorum,,1,2,2,7/14/2023 18:43,241VK4
Sagittaria latifolia,,1,4,4,7/14/2023 18:43,241VK4
Galium asprellum,,1,4,4,7/14/2023 18:43,241VK4
Rubus pensylvanicus,,1,3,3,7/14/2023 18:43,241VK4
Vernonia altissima,,1,2,2,7/14/2023 18:43,241VK4
Vernonia gigantea,,1,2,2,7/14/2023 18:43,241VK4
Panicum clandestinum,,1,5,5,7/14/2023 18:43,241VK4
Lonicera morrowii,,1,5,5,7/14/2023 18:43,241VK4
Eupatorium perfoliatum,,1,2,2,7/14/2023 18:43,241VK4
Parthenocissus quinquefolia,,1,3,3,7/14/2023 18:43,241VK4
Carex sp. 1,Likely crinita,1,2,2,7/14/2023 18:43,241VK4
Asclepias syriaca,,1,2,2,7/14/2023 18:43,241VK4
Epilobium coloratum,,1,2,2,7/14/2023 18:43,241VK4
Blephilia hirsuta,,1,2,2,7/14/2023 18:43,241VK4
Carex sp. 2,Likely vulpinoidea,1,2,2,7/14/2023 18:43,241VK4
Rudbeckia laciniata,,1,3,3,7/14/2023 18:43,241VK4
Viburnum recognitum,,1,2,2,7/14/2023 18:43,241VK4
Solidago gigantea,,1,5,5,7/14/2023 18:43,241VK4
Lysimachia nummularia,,1,5,5,7/14/2023 18:43,241VK4
Leersia virginica,,1,2,2,7/14/2023 18:43,241VK4
Symplocarpus foetidus,,1,7,7,7/14/2023 18:43,241VK4
Impatiens capensis,,2,9,9,7/14/2023 18:43,241VK4
Sambucus canadensis,,2,6,6,7/14/2023 18:43,241VK4
Vernonia altissima,,2,4,4,7/14/2023 18:43,241VK4
Apios americana,,2,5,5,7/14/2023 18:43,241VK4
Geum canadense,,2,2,2,7/14/2023 18:43,241VK4
Elymus virginicus,,2,2,2,7/14/2023 18:43,241VK4
Symphyotrichum lateriflorum,,2,2,2,7/14/2023 18:43,241VK4
Rhamnus frangula,,2,5,5,7/14/2023 18:43,241VK4
Lonicera morrowii,,2,5,5,7/14/2023 18:43,241VK4
Sagittaria latifolia,,2,4,4,7/14/2023 18:43,241VK4
Leersia oryzoides,,2,4,4,7/14/2023 18:43,241VK4
Asclepias syriaca,,2,2,2,7/14/2023 18:43,241VK4
Rubus pensylvanicus,,2,3,3,7/14/2023 18:43,241VK4
Ranunculus hispidus var. nitidus ,Ranunculus septentrionalis,2,4,4,7/14/2023 18:43,241VK4
Eupatorium maculatum,,2,3,3,7/14/2023 18:43,241VK4
Cornus obliqua,Cornus obliqua but some treeform and similar to drummundi,2,5,5,7/14/2023 18:43,241VK4
Carex bromoides,,2,2,2,7/14/2023 18:43,241VK4
Dioscorea villosa,,2,2,2,7/14/2023 18:43,241VK4
Urtica dioica var. dioica,,6,6,,7/14/2023 18:43,241VK4
Scirpus polyphyllus,,2,3,3,7/14/2023 18:43,241VK4
Toxicodendron radicans,,2,2,2,7/14/2023 18:43,241VK4
Solidago gigantea,,2,4,4,7/14/2023 18:43,241VK4
Ulmus americana,,2,4,4,7/14/2023 18:43,241VK4
Parthenocissus quinquefolia,,2,5,5,7/14/2023 18:43,241VK4
Calystegia sepium,,2,3,3,7/14/2023 18:43,241VK4
Symplocarpus foetidus,,2,8,8,7/14/2023 18:43,241VK4
Onoclea sensibilis,,2,8,8,7/14/2023 18:43,241VK4
Alliaria petiolata,,2,2,2,7/14/2023 18:43,241VK4
Viburnum recognitum,,2,4,4,7/14/2023 18:43,241VK4
Viola sororia,,2,2,2,7/14/2023 18:43,241VK4
Boehmeria cylindrica,,2,2,2,7/14/2023 18:43,241VK4
Rosa multiflora,,2,3,3,7/14/2023 18:43,241VK4
Vernonia altissima,,3,4,4,7/14/2023 18:43,241VK4
Geranium maculatum,,3,3,3,7/14/2023 18:43,241VK4
Symplocarpus foetidus,,3,8,8,7/14/2023 18:43,241VK4
Urtica dioica var. dioica,,3,3,3,7/14/2023 18:43,241VK4
Solidago gigantea,,3,2,2,7/14/2023 18:43,241VK4
Boehmeria cylindrica,,3,3,3,7/14/2023 18:43,241VK4
Lonicera morrowii,,3,6,6,7/14/2023 18:43,241VK4
Rubus pensylvanicus,,3,5,5,7/14/2023 18:43,241VK4
Circaea lutetiana,,3,3,3,7/14/2023 18:43,241VK4
Eupatorium maculatum,,3,4,4,7/14/2023 18:43,241VK4
Calystegia sepium,,3,4,4,7/14/2023 18:43,241VK4
Parthenocissus quinquefolia,,3,6,6,7/14/2023 18:43,241VK4
Apios americana,,3,6,6,7/14/2023 18:43,241VK4
Impatiens capensis,,3,7,7,7/14/2023 18:43,241VK4
Platanus occidentalis,,3,,5,7/14/2023 18:43,241VK4
Vitis riparia,,3,6,6,7/14/2023 18:43,241VK4
Rumex obtusifolius,,3,2,2,7/14/2023 18:43,241VK4
Lysimachia ciliata,,3,2,2,7/14/2023 18:43,241VK4
Onoclea sensibilis,,3,5,5,7/14/2023 18:43,241VK4
Symphyotrichum lateriflorum,,3,2,2,7/14/2023 18:43,241VK4
Symphyotrichum lanceolatum,,3,2,2,7/14/2023 18:43,241VK4
Cornus obliqua,Cornus obliqua same comment,3,2,2,7/14/2023 18:43,241VK4
Polygonum persicaria,,3,2,2,7/14/2023 18:43,241VK4
Ranunculus septentrionalis,Ranunculus septentrionalis,1,3,3,7/18/2023 18:00,241K (VK3)
Sagittaria latifolia,,1,4,4,7/18/2023 18:00,241K (VK3)
Myosotis scorpioides,,1,8,8,7/18/2023 18:00,241K (VK3)
Onoclea sensibilis,,1,6,6,7/18/2023 18:00,241K (VK3)
Polygonum sagittatum,,1,2,2,7/18/2023 18:00,241K (VK3)
Impatiens capensis,,1,5,5,7/18/2023 18:00,241K (VK3)
Carex bromoides,,1,6,1,7/18/2023 18:00,241K (VK3)
Salix sericea,,1,7,7,7/18/2023 18:00,241K (VK3)
Cornus amomum,Obliqua,1,5,5,7/18/2023 18:00,241K (VK3)
Leersia oryzoides,,1,5,5,7/18/2023 18:00,241K (VK3)
Symplocarpus foetidus,,1,8,8,7/18/2023 18:00,241K (VK3)
Eupatorium perfoliatum,,1,4,4,7/18/2023 18:00,241K (VK3)
Thelypteris palustris,,1,7,7,7/18/2023 18:00,241K (VK3)
Typha latifolia,,1,5,5,7/18/2023 18:00,241K (VK3)
Galium asprellum,,1,4,4,7/18/2023 18:00,241K (VK3)
Mentha arvensis,,1,2,2,7/18/2023 18:00,241K (VK3)
Symphyotrichum puniceum,,1,4,4,7/18/2023 18:00,241K (VK3)
Solidago patula,,1,2,2,7/18/2023 18:00,241K (VK3)
Apios americana,,1,5,5,7/18/2023 18:00,241K (VK3)
Lindera benzoin,,1,4,4,7/18/2023 18:00,241K (VK3)
Carpinus caroliniana,,1,3,3,7/18/2023 18:00,241K (VK3)
Cirsium muticum,,1,2,2,7/18/2023 18:00,241K (VK3)
Parthenocissus quinquefolia,,1,3,3,7/18/2023 18:00,241K (VK3)
Chelone glabra,,1,2,2,7/18/2023 18:00,241K (VK3)
Epilobium parviflorum,,1,2,2,7/18/2023 18:00,241K (VK3)
Liparis loesellli,Liparis loesellli,1,3,3,7/18/2023 18:00,241K (VK3)
Juncus effusus,,1,2,2,7/18/2023 18:00,241K (VK3)
Pilea pumila,,1,2,2,7/18/2023 18:00,241K (VK3)
Lycopus uniflorus,,1,2,2,7/18/2023 18:00,241K (VK3)
Carex stipata,,1,2,2,7/18/2023 18:00,241K (VK3)
Ligustrum vulgare,,1,4,4,7/18/2023 18:00,241K (VK3)
Corylus americana,,1,5,5,7/18/2023 18:00,241K (VK3)
Lonicera dioica,,1,3,3,7/18/2023 18:00,241K (VK3)
Equisetum arvense,,1,1,1,7/18/2023 18:00,241K (VK3)
Salix discolor,,1,6,6,7/18/2023 18:00,241K (VK3)
Ribes americanum,,1,4,4,7/18/2023 18:00,241K (VK3)
Salix sericea,,2,7,7,7/18/2023 18:00,241K (VK3)
Symplocarpus foetidus,,2,7,7,7/18/2023 18:00,241K (VK3)
Myosotis scorpioides,,2,8,8,7/18/2023 18:00,241K (VK3)
Thelypteris palustris,,2,7,7,7/18/2023 18:00,241K (VK3)
Solidago patula,,2,4,4,7/18/2023 18:00,241K (VK3)
Eupatorium perfoliatum,,2,4,4,7/18/2023 18:00,241K (VK3)
Ranunculus septentrionalis ,Ranunculus septentrionalis ,2,4,4,7/18/2023 18:00,241K (VK3)
Sagittaria latifolia,,2,5,5,7/18/2023 18:00,241K (VK3)
Typha latifolia,,2,4,4,7/18/2023 18:00,241K (VK3)
Epilobium parviflorum,,2,2,2,7/18/2023 18:00,241K (VK3)
Impatiens capensis,,2,7,7,7/18/2023 18:00,241K (VK3)
Cornus amomum,Obliqua,2,5,5,7/18/2023 18:00,241K (VK3)
Cornus racemosa,,2,4,4,7/18/2023 18:00,241K (VK3)
Symphyotrichum puniceum,,2,4,4,7/18/2023 18:00,241K (VK3)
Carex lurida,,2,4,4,7/18/2023 18:00,241K (VK3)
Galium asprellum,,2,4,4,7/18/2023 18:00,241K (VK3)
Carex bromoides,,2,5,5,7/18/2023 18:00,241K (VK3)
Mimulus alatus,,2,2,2,7/18/2023 18:00,241K (VK3)
Apios americana,,2,6,6,7/18/2023 18:00,241K (VK3)
Pilea pumila,,2,2,2,7/18/2023 18:00,241K (VK3)
Equisetum arvense,,2,2,2,7/18/2023 18:00,241K (VK3)
Schoenoplectus tabernaemontani,,2,3,3,7/18/2023 18:00,241K (VK3)
Rumex obtusifolius,,2,2,2,7/18/2023 18:00,241K (VK3)
Parthenocissus quinquefolia,,2,5,5,7/18/2023 18:00,241K (VK3)
Epilobium coloratum,,2,2,2,7/18/2023 18:00,241K (VK3)
Chelone glabra,,2,2,2,7/18/2023 18:00,241K (VK3)
Solanum dulcamara,,2,3,3,7/18/2023 18:00,241K (VK3)
Carpinus caroliniana,,2,5,5,7/18/2023 18:00,241K (VK3)
Ribes americanum,,2,5,5,7/18/2023 18:00,241K (VK3)
Scutellaria lateriflora,,2,2,2,7/18/2023 18:00,241K (VK3)
Tilia americana,,2,3,3,7/18/2023 18:00,241K (VK3)
Amphicarpaea bracteata,,2,3,3,7/18/2023 18:00,241K (VK3)
Lindera benzoin,,2,5,5,7/18/2023 18:00,241K (VK3)
Poa sp.,,2,4,4,7/18/2023 18:00,241K (VK3)
Salix discolor,,2,4,4,7/18/2023 18:00,241K (VK3)
Leersia oryzoides,,2,5,5,7/18/2023 18:00,241K (VK3)
Apios americana,,3,7,7,7/18/2023 18:00,241K (VK3)
Epilobium parviflorum,,3,2,2,7/18/2023 18:00,241K (VK3)
Cornus amomum,Obliqua,3,7,7,7/18/2023 18:00,241K (VK3)
Parthenocissus quinquefolia,,3,5,5,7/18/2023 18:00,241K (VK3)
Carpinus caroliniana,,3,4,4,7/18/2023 18:00,241K (VK3)
Symplocarpus foetidus,,3,8,8,7/18/2023 18:00,241K (VK3)
Symphyotrichum puniceum,,3,4,4,7/18/2023 18:00,241K (VK3)
Impatiens capensis,,3,5,5,7/18/2023 18:00,241K (VK3)
Galium asprellum,,3,2,2,7/18/2023 18:00,241K (VK3)
Ligustrum vulgare,,3,5,5,7/18/2023 18:00,241K (VK3)
Galium triflorum,,3,2,2,7/18/2023 18:00,241K (VK3)
Lindera benzoin,,3,5,5,7/18/2023 18:00,241K (VK3)
Rosa multiflora,,3,5,5,7/18/2023 18:00,241K (VK3)
Lonicera morrowii,,3,5,5,7/18/2023 18:00,241K (VK3)
Eupatorium perfoliatum,,3,3,3,7/18/2023 18:00,241K (VK3)
Ulmus americana,,3,,6,7/18/2023 18:00,241K (VK3)
Salix nigra,,3,2,2,7/18/2023 18:00,241K (VK3)
Salix discolor,,3,6,5,7/18/2023 18:00,241K (VK3)
Ribes americanum,,3,5,5,7/18/2023 18:00,241K (VK3)
Poa sp.,,3,3,3,7/18/2023 18:00,241K (VK3)
Leersia oryzoides,,3,3,3,7/18/2023 18:00,241K (VK3)
Salix sericea,,3,6,6,7/18/2023 18:00,241K (VK3)
Boehmeria cylindrica,,3,2,2,7/18/2023 18:00,241K (VK3)
Thelypteris palustris,,3,5,5,7/18/2023 18:00,241K (VK3)
Sagittaria latifolia,,3,4,4,7/18/2023 18:00,241K (VK3)
Senecio aureus,,3,2,2,7/18/2023 18:00,241K (VK3)
Carex sp. 1,Staminate scales on too,3,2,2,7/18/2023 18:00,241K (VK3)
Lysimachia nummularia,,3,2,2,7/18/2023 18:00,241K (VK3)
Pilea pumila,,3,1,1,7/18/2023 18:00,241K (VK3)
Onoclea sensibilis,,3,3,3,7/18/2023 18:00,241K (VK3)
Symplocarpus foetidus,,4,8,8,7/21/2023 14:08,241K (VK3)
Thelypteris palustris,,4,8,8,7/21/2023 14:08,241K (VK3)
Salix sericea,,4,8,8,7/21/2023 14:08,241K (VK3)
Myosotis scorpioides,,4,6,6,7/21/2023 14:08,241K (VK3)
Asclepias incarnata,,4,2,2,7/21/2023 14:08,241K (VK3)
Sagittaria latifolia,,4,6,6,7/21/2023 14:08,241K (VK3)
Apios americana,,4,6,6,7/21/2023 14:08,241K (VK3)
Scutellaria lateriflora,,4,2,2,7/21/2023 14:08,241K (VK3)
Symphyotrichum puniceum,,4,5,5,7/21/2023 14:08,241K (VK3)
Typha latifolia,,4,4,4,7/21/2023 14:08,241K (VK3)
Amphicarpaea bracteata,,4,3,3,7/21/2023 14:08,241K (VK3)
Chelone glabra,,4,2,2,7/21/2023 14:08,241K (VK3)
Leersia oryzoides,,4,4,4,7/21/2023 14:08,241K (VK3)
Impatiens capensis,,4,5,5,7/21/2023 14:08,241K (VK3)
Parthenocissus quinquefolia,,4,5,5,7/21/2023 14:08,241K (VK3)
Onoclea sensibilis,,4,3,3,7/21/2023 14:08,241K (VK3)
Ribes americanum,,4,6,6,7/21/2023 14:08,241K (VK3)
Eupatorium perfoliatum,,4,4,4,7/21/2023 14:08,241K (VK3)
Carex bromoides,,4,5,5,7/21/2023 14:08,241K (VK3)
Galium asprellum,,4,3,3,7/21/2023 14:08,241K (VK3)
Cornus amomum,,4,5,5,7/21/2023 14:08,241K (VK3)
Carpinus caroliniana,,4,4,4,7/21/2023 14:08,241K (VK3)
Carex lurida,,4,2,2,7/21/2023 14:08,241K (VK3)
Pilea pumila,,4,2,2,7/21/2023 14:08,241K (VK3)
Salix nigra,,4,2,2,7/21/2023 14:08,241K (VK3)
Solidago patula,,4,2,2,7/21/2023 14:08,241K (VK3)
Toxicodendron radicans,,4,2,2,7/21/2023 14:08,241K (VK3)
Epilobium coloratum,,4,2,2,7/21/2023 14:08,241K (VK3)
Boehmeria cylindrica,,4,2,2,7/21/2023 14:08,241K (VK3)
Liparis loesellii,Liparis loesellii,4,2,2,7/21/2023 14:08,241K (VK3)
Circaea lutetiana,,4,2,2,7/21/2023 14:08,241K (VK3)
Fraxinus pennsylvanica,,4,2,2,7/21/2023 14:08,241K (VK3)
Viburnum lentago,,4,2,2,7/21/2023 14:08,241K (VK3)
Cirsium muticum,,4,2,2,7/21/2023 14:08,241K (VK3)
Cryptotaenia canadensis,,4,2,2,7/21/2023 14:08,241K (VK3)
Schoenoplectus tabernaemontani,,4,2,2,7/21/2023 14:08,241K (VK3)
Epilobium parviflorum,,4,2,2,7/21/2023 14:08,241K (VK3)
Ranunculus hispidus var. nitidus ,Ranunculus septentrionalis,4,2,2,7/21/2023 14:08,241K (VK3)
